Call_File_Name,Analysis_Date,Analysis_Time,Full_Transcript_With_Timestamps,Call_Summary,Representative_Name,Representative_Score,High_Value_Missed_Opportunity,Patient_Sentiment,Staff_Sentiment,Overall_Sentiment,Sentiment_Confidence,Sentiment_Summary,Patient_Primary_Emotion,Patient_Emotion_Confidence,Patient_Emotion_Intensity,Staff_Primary_Emotion,Staff_Emotion_Confidence,Emotion_Flags,Call_Emotional_Health,Emotional_Alignment,Escalation_Pattern,Call_Tag,Coaching_Candidate
(848)529-2911_booked.mp3,09/16/2025,16:43:42,"[00:00] SPEAKER_00: This call may be recorded for quality and training purposes.
[00:03] SPEAKER_00: Lincolnwood Family Dental, this is Whitney. How can I help you?
[00:06] SPEAKER_00: Yes, hi. I just had a question. Do you guys see any pediatrics?
[00:14] SPEAKER_01: Like children?
[00:15] SPEAKER_01: Yeah.
[00:16] SPEAKER_00: Yeah, we do.
[00:18] SPEAKER_00: So, because I need an appointment with Dr. Chen. I'm a new patient on November 1st.
[00:25] SPEAKER_01: I was trying to see if I can also get my two-year-old.
[00:29] SPEAKER_01: Okay, can I get your name?
[00:31] SPEAKER_01: My name is Eleanor Tenghal.
[00:37] SPEAKER_00: And you said two-year-old?
[00:40] SPEAKER_01: Yeah, she's a two-year-old.
[00:42] SPEAKER_01: And what is her name?
[00:44] SPEAKER_01: Phoenix.
[00:47] SPEAKER_01: Last name is Raburiano.
[01:02] SPEAKER_01: And her date of birth?
[01:04] SPEAKER_00: 7-31-2023.
[01:13] SPEAKER_01: Okay.
[01:13] SPEAKER_01: Okay, yeah, I can put her down for your ex. You're coming in at 11, so I'll put her down for two.
[01:19] SPEAKER_01: I mean, 12, I'm sorry.
[01:22] SPEAKER_00: 12, okay. Yes, please.
[01:24] SPEAKER_00: Okay, she is scheduled November 1st.
[01:27] SPEAKER_00: Starting at 12 o'clock. We'll see you at 11.
[01:30] SPEAKER_01: Okay, everything is under Dr. Chen?
[01:33] SPEAKER_01: Correct.
[01:35] SPEAKER_01: Okay. And you guys take MUTT Life, right?
[01:38] SPEAKER_00: Yes, we do.
[01:39] SPEAKER_00: All right, thank you so much.
[01:40] SPEAKER_00: You're welcome. Bye-bye.
[01:42] SPEAKER_00: Bye-bye.","The main purpose of the call was to schedule an appointment for a new patient, Eleanor Tenghal, and her two-year-old daughter, Phoenix Raburiano. The call resulted in scheduling both appointments with Dr. Chen on November 1st, one starting at 12 PM for Phoenix and the other at 11 AM for Eleanor, with confirmation that MUTT Life insurance would be accepted.",Whitney Minor,0.82,TRUE,neutral,positive,neutral,0.7,"The call was generally neutral with the patient showing no strong emotions, though there was a slight disappointment in not being able to schedule an appointment for their two-year-old. The staff maintained a positive and professional tone throughout, ensuring clear communication despite some minor confusion over scheduling details.",neutral,0.6,low,professional,1,DISAPPOINTMENT,fair,unknown,None,appointment_booking,
(849)529-2911_booked.mp3,09/15/2025,16:46:53,"[00:00] SPEAKER_00: This call may be recorded for quality and training purposes.
[00:03] SPEAKER_00: Thank you for calling Lincoln Family Dental.
[00:06] SPEAKER_00: How may I help you?
[00:07] SPEAKER_00: Hi, I was just calling to see if I can move an appointment.
[00:11] SPEAKER_01: Sure.
[00:12] SPEAKER_01: What's your name?
[00:14] SPEAKER_01: Last name Burgett, first name T, C-H-I-N-T-Y-I.
[00:17] SPEAKER_00: It's actually from LA, if that's okay.
[00:20] SPEAKER_00: Okay.
[00:37] SPEAKER_00: For the fifth?
[00:39] SPEAKER_00: Yeah.
[00:40] SPEAKER_01: Yeah.
[00:40] SPEAKER_01: What other days, like what days a week is that practitioner available?
[00:48] SPEAKER_00: Let's see.
[00:55] SPEAKER_00: Only here the first and third.
[01:00] SPEAKER_01: Friday of each month.
[01:03] SPEAKER_01: But she's booked for Friday the 19th, so we'll have to check.
[01:11] SPEAKER_00: Okay, only the first and the third Friday of each month.
[01:14] SPEAKER_01: Yeah.
[01:15] SPEAKER_01: So the next time she's in, it would be Friday, October 3rd.
[01:24] SPEAKER_00: Friday, October 3rd.
[01:26] SPEAKER_00: Yeah.
[01:27] SPEAKER_00: You want to move it to October 3rd?
[01:30] SPEAKER_01: That's for the root canal, right?
[01:32] SPEAKER_01: That's for the root canal, right?
[01:33] SPEAKER_01: Yeah.
[01:34] SPEAKER_01: Yeah.
[01:34] SPEAKER_01: Can I also get another one to speak for a moment too, but I think it's more urgent than we have in one place.
[01:42] SPEAKER_00: You want to make another appointment right now?
[01:46] SPEAKER_01: For what?
[01:47] SPEAKER_01: I think it's fine.
[01:48] SPEAKER_01: Not the root canal.
[01:50] SPEAKER_01: Who's the number one doctor?
[01:52] SPEAKER_00: On the same day, what are you?
[01:54] SPEAKER_00: I don't know.
[01:55] SPEAKER_00: Can I use schedule?
[02:00] SPEAKER_00: What?
[02:00] SPEAKER_01: Can I go to your CTS?
[02:09] SPEAKER_00: 181, that's what's nice.
[02:13] SPEAKER_00: Yeah, is there anything open on the 9th, 10th, or 11th for the same kind of procedure?
[02:17] SPEAKER_01: Different procedure.
[02:19] SPEAKER_01: Different procedure?
[02:19] SPEAKER_01: What kind?
[02:20] SPEAKER_01: Not a root canal.
[02:21] SPEAKER_01: I think 871?
[02:24] SPEAKER_00: 881.
[02:25] SPEAKER_00: 881.
[02:26] SPEAKER_00: For what would she want?
[02:29] SPEAKER_00: I'll have to call back.
[02:30] SPEAKER_00: Okay.
[02:31] SPEAKER_00: Okay, thank you very much.","The main purpose of the call was to reschedule an existing appointment and inquire about scheduling another procedure. During the conversation, the representative successfully moved a root canal appointment from October 5th to October 3rd and provided information on available dates for a different procedure, though the specific details were not fully confirmed due to the caller's request to check availability later.",Unknown,0.64,FALSE,neutral,professional,neutral,0.6,"The call was neutral overall with a slight inclination towards disappointment from the patient. The patient expressed dissatisfaction regarding appointment scheduling and had to wait for an available slot, which led to some frustration. The staff maintained a professional tone throughout the conversation, ensuring clear communication despite the inconvenience caused by limited availability.",disappointment,0.8,medium,professional,1,DISAPPOINTMENT,fair,unknown,None,appointment_booking,
(850)529-2911_booked.mp3,09/11/2025,16:52:26,"[00:00] SPEAKER_00: This call may be recorded for quality and training purposes.
[00:02] SPEAKER_00: So you want to change from the fifth still?
[00:05] SPEAKER_00: Lincoln with Family Dental.
[00:07] SPEAKER_00: This is Whitney.
[00:07] SPEAKER_00: How can I help you?
[00:10] SPEAKER_01: Hi.
[00:11] SPEAKER_01: Can I make an appointment for my wife's teeth to be looked at?
[00:19] SPEAKER_00: Okay.
[00:19] SPEAKER_00: Is she currently a patient here with us?
[00:21] SPEAKER_00: Yes, she is a patient.
[00:23] SPEAKER_00: What is her name?
[00:26] SPEAKER_01: Last name Burgett.
[00:27] SPEAKER_01: B-U-R-G-E-T-T, first name T-H-I-N-T-Y-I.
[00:32] SPEAKER_00: All right.
[00:33] SPEAKER_00: And by looked at, what do you mean?
[00:36] SPEAKER_00: She just wants to get one of her teeth looked at to get it fixed,
[00:40] SPEAKER_01: but I don't know what the problem is.
[00:47] SPEAKER_01: She isn't sure what kind of procedure will be necessary.
[00:51] SPEAKER_00: Okay.
[00:51] SPEAKER_00: So the first thing would be for us to, like,
[00:53] SPEAKER_00: examine to figure out what's going on there
[00:55] SPEAKER_00: and how we can fix it.
[00:58] SPEAKER_01: Okay.
[01:06] SPEAKER_00: Is it causing any pain, do you know?
[01:09] SPEAKER_00: Any pain?
[01:13] SPEAKER_01: Yeah, every once in a while.
[01:17] SPEAKER_01: When she eats or just...
[01:20] SPEAKER_00: When is it?
[01:21] SPEAKER_00: When does it happen?
[01:23] SPEAKER_00: I told you that the last time.
[01:24] SPEAKER_00: But she said that was a day.
[01:26] SPEAKER_00: But when?
[01:27] SPEAKER_00: It was a pain.
[01:30] SPEAKER_01: Like when you eat?
[01:34] SPEAKER_01: Sometimes.
[01:34] SPEAKER_01: When I eat, sometimes.
[01:35] SPEAKER_01: Sometimes.
[01:36] SPEAKER_00: It's just randomly.
[01:37] SPEAKER_00: It's not specific to when she's eating,
[01:40] SPEAKER_00: or mostly when she's eating, okay?
[01:43] SPEAKER_00: Okay.
[01:45] SPEAKER_01: Would it happen to be the side
[01:46] SPEAKER_01: where we're going to start a root canal,
[01:48] SPEAKER_01: Friday, September 5th?
[01:51] SPEAKER_01: I have to move that one, too.
[01:54] SPEAKER_00: Okay.
[01:57] SPEAKER_00: Well, I can schedule her for an exam,
[02:00] SPEAKER_01: and for us to potentially fix the issue,
[02:03] SPEAKER_01: depending upon what side, you know,
[02:05] SPEAKER_01: what's going on there.
[02:06] SPEAKER_01: But I wouldn't have anything available
[02:08] SPEAKER_00: until September 2nd for us to examine
[02:11] SPEAKER_00: and address, correct whatever the issue is.
[02:15] SPEAKER_00: Okay.
[02:16] SPEAKER_01: Is there anything available on, like, the 9th?
[02:20] SPEAKER_01: September 9th?
[02:21] SPEAKER_01: Yeah.
[02:23] SPEAKER_01: Um.
[02:27] SPEAKER_00: That's a lot.
[02:30] SPEAKER_00: 12.30.
[02:32] SPEAKER_01: 12.30 on the 9th?
[02:33] SPEAKER_01: Okay.
[02:35] SPEAKER_01: Okay, yeah.
[02:35] SPEAKER_01: That'll work.
[02:36] SPEAKER_01: As far as the appointment on the 5th.
[02:39] SPEAKER_01: Oh, give me one second.
[02:40] SPEAKER_00: Let me put this down at least.
[02:46] SPEAKER_00: Okay, September 5th.
[02:48] SPEAKER_01: Did you want me to pick a different appointment date
[02:51] SPEAKER_01: for that one now?
[02:52] SPEAKER_01: Yeah.
[02:53] SPEAKER_01: Yeah.
[02:56] SPEAKER_00: Probably.
[02:57] SPEAKER_00: The 3rd?
[02:57] SPEAKER_00: Is that one open?
[02:59] SPEAKER_00: Well, the endodontist is only here every other Friday.
[03:04] SPEAKER_01: So if we did.
[03:05] SPEAKER_01: I mean, October.
[03:06] SPEAKER_01: October?
[03:08] SPEAKER_01: 3rd?
[03:09] SPEAKER_01: Yeah.
[03:10] SPEAKER_01: Yeah, I can do morning or afternoon.
[03:12] SPEAKER_00: Morning or afternoon.
[03:18] SPEAKER_00: Give me one second.
[03:20] SPEAKER_01: Okay.
[03:21] SPEAKER_01: Okay.
[03:22] SPEAKER_01: Okay.
[03:31] SPEAKER_00: I can do morning or afternoon that day.
[03:34] SPEAKER_00: Afternoon.
[03:36] SPEAKER_01: 2.30?
[03:37] SPEAKER_01: Yeah, that's fine.
[03:39] SPEAKER_01: Okay.
[03:39] SPEAKER_01: I have her down Friday, October 3rd at 2.30 and then we'll see her September 9th at 12.30
[03:48] SPEAKER_00: to figure out what's going on.
[03:49] SPEAKER_00: Okay.
[03:50] SPEAKER_00: Can you send me an email confirmation?
[03:52] SPEAKER_01: You'll get text shortly now that the appointments have been scheduled.
[03:56] SPEAKER_01: Okay, thanks.
[03:57] SPEAKER_01: Bye.
[03:57] SPEAKER_01: You're welcome.
[03:57] SPEAKER_01: Bye-bye.
[03:58] SPEAKER_01: Okay.
[03:58] SPEAKER_01: Bye-bye.","The main purpose of the call was to schedule an appointment for Mrs. Thinty Burgett's dental examination and potential treatment due to a painful tooth issue. The appointments were scheduled for Friday, October 3rd at 2:30 PM for a root canal procedure and September 9th at 12:30 PM to examine the issue further.",Whitney Minor,0.73,FALSE,neutral,neutral,neutral,0.875,"The call was conducted in a neutral tone by both the patient and staff. The patient expressed satisfaction with the proposed solution, while the staff maintained a professional demeanor throughout. There were no signs of anxiety or pain, indicating a smooth interaction.",calm,0.9,low,professional,0.95,None,good,unknown,None,appointment_booking,
(851)529-2911_booked.mp3,09/11/2025,16:57:03,"[00:00] SPEAKER_00: This call may be recorded for quality and training purposes.
[00:03] SPEAKER_00: Lincolnwood Family Dental.
[00:04] SPEAKER_00: This is Whitney.
[00:05] SPEAKER_00: How can I help you?
[00:06] SPEAKER_00: Hi, Whitney.
[00:09] SPEAKER_01: So I have, like, new patient appointments for my kids on Monday, September 8th.
[00:17] SPEAKER_00: The last name is Baig, B as in boy, A-I-G.
[00:22] SPEAKER_00: Okay.
[00:23] SPEAKER_00: And I'm calling because my son, who's seven, he's complaining of pain in his mouth, like in his back gum.
[00:33] SPEAKER_00: And his cheek does look swollen in that space, like in that area around his jaw.
[00:40] SPEAKER_01: And I think it's a tooth coming in.
[00:43] SPEAKER_01: Like, it looks like a tooth trying to break through.
[00:46] SPEAKER_01: I don't know when kids get back molars.
[00:49] SPEAKER_00: But I wanted to see if I could bring him in sooner to get it checked out.
[00:52] SPEAKER_00: Because I'm given a Motrin.
[00:54] SPEAKER_00: I just don't know.
[00:54] SPEAKER_00: I mean, you can't really take them to urgent care for, like, mouth stuff, really, if it's teeth related.
[01:00] SPEAKER_01: I'm just wondering, like, what your guys' availability is to try to bring them in.
[01:14] SPEAKER_01: I can do this Thursday at 1230.
[01:21] SPEAKER_00: Okay.
[01:21] SPEAKER_00: Wednesday.
[01:22] SPEAKER_00: I'm sorry.
[01:22] SPEAKER_00: Wednesday.
[01:24] SPEAKER_00: Wednesday.
[01:24] SPEAKER_00: Wednesday at 1230.
[01:26] SPEAKER_00: You don't have anything, like, this afternoon or anything like that?
[01:32] SPEAKER_01: He's in school, but I could pull him out.
[01:34] SPEAKER_01: Because I would have to pull him at 1230.
[01:35] SPEAKER_01: I would have to pull him out, too.
[01:36] SPEAKER_00: But, like, ideally sooner would be better.
[01:39] SPEAKER_00: We're traveling Friday morning, and I just want to give some time to figure out what this is.
[01:47] SPEAKER_01: I can do 2.30 today.
[01:47] SPEAKER_01: 2.30 today.
[01:48] SPEAKER_01: That would be awesome, actually.
[01:51] SPEAKER_01: And then what is...
[01:52] SPEAKER_00: What's his first name?
[01:52] SPEAKER_00: You gave me the last name, but not the first name.
[01:55] SPEAKER_00: Yusef.
[01:55] SPEAKER_00: Y-U-S-U-F.
[01:58] SPEAKER_00: And then you said it's upper or lower left or right that's causing the concern.
[02:07] SPEAKER_01: Lower left.
[02:13] SPEAKER_00: Got it.
[02:15] SPEAKER_00: Okay.
[02:15] SPEAKER_00: Okay.
[02:16] SPEAKER_01: I have him down today at 2.30.
[02:19] SPEAKER_01: That would be awesome.
[02:20] SPEAKER_01: Thank you so much.
[02:21] SPEAKER_01: No problem.
[02:21] SPEAKER_01: We'll see you then.
[02:23] SPEAKER_01: Okay.
[02:23] SPEAKER_01: All right.
[02:23] SPEAKER_01: Bye.","The main purpose of the call was to schedule an appointment for a seven-year-old patient who is experiencing pain and swelling in his mouth, likely due to a tooth coming in. The call resulted in scheduling the child's appointment for 2:30 PM on the same day, with the parent providing the necessary details including the child's first name (Yusef) and the affected area (lower left).",Whitney Minor,0.66,FALSE,neutral,neutral,neutral,0.85,"The call was characterized by a neutral sentiment from both the patient and staff. The patient expressed mild complaints about pain and discomfort, while the staff maintained a neutral and supportive tone throughout the conversation.",complaint,0.9,low,neutral,0.85,None,fair,unknown,None,emergency,
(852)529-2911_booked.mp3,09/11/2025,17:03:23,"[00:00] SPEAKER_00: This call may be recorded for quality and training purposes.
[00:05] SPEAKER_00: Thank you for calling Lincolnwood Family Dental.
[00:07] SPEAKER_00: This is Abna.
[00:08] SPEAKER_01: How may I help you?
[00:09] SPEAKER_01: Hi.
[00:10] SPEAKER_01: I was just calling to see if I can reschedule my appointment for endo.
[00:14] SPEAKER_01: Sure.
[00:15] SPEAKER_01: What's your name?
[00:17] SPEAKER_00: Neda, N-E-J-R-A.
[00:21] SPEAKER_00: Okay.
[00:22] SPEAKER_00: I'm going to put you on a brief hold.
[00:24] SPEAKER_01: All right.
[00:24] SPEAKER_01: Sounds good.
[00:30] SPEAKER_01: Thank you.
[01:01] SPEAKER_01: Thank you.
[01:56] SPEAKER_00: Thank you.
[01:56] SPEAKER_00: Thank you for holding.
[01:56] SPEAKER_00: Can you remind me the name again?
[01:58] SPEAKER_00: Sorry.
[01:59] SPEAKER_00: Neda, N-E-J-R-A.
[02:17] SPEAKER_01: That's the last name?
[02:19] SPEAKER_01: The last name is Osmanovic, O-S-M-A-N-O-V-I-C.
[02:26] SPEAKER_00: Oh, okay.
[02:27] SPEAKER_00: Here, I see you now.
[02:29] SPEAKER_00: Okay.
[02:42] SPEAKER_00: Okay.
[02:52] SPEAKER_01: What day did you want to schedule that for?
[02:56] SPEAKER_00: When is the soonest available?
[03:02] SPEAKER_00: So, she's not in until, well, I guess you were scheduled for the 15th, and then the
[03:18] SPEAKER_00: next one, she's here is the 5th, but she's not, she doesn't have anything available.
[03:24] SPEAKER_01: So, she's not in until, well, I guess you were scheduled for the 15th, and then the
[03:25] SPEAKER_01: next one, she's here is the 6th.
[03:31] SPEAKER_00: Okay.
[03:31] SPEAKER_00: Okay.
[03:32] SPEAKER_00: Okay.
[03:33] SPEAKER_00: Okay.
[03:34] SPEAKER_00: Okay.
[03:37] SPEAKER_01: Okay.
[03:42] SPEAKER_01: Okay.
[03:43] SPEAKER_01: Okay.
[03:44] SPEAKER_00: Okay.
[03:47] SPEAKER_00: Okay.
[03:50] SPEAKER_00: Okay.
[03:51] SPEAKER_00: Okay.
[03:51] SPEAKER_00: Okay.
[03:51] SPEAKER_00: Okay.
[03:53] SPEAKER_01: Okay.
[03:56] SPEAKER_01: Okay.
[03:59] SPEAKER_01: Okay.
[04:06] SPEAKER_00: Okay.
[04:07] SPEAKER_00: Okay.
[04:07] SPEAKER_00: Okay.
[04:08] SPEAKER_01: Okay.
[04:08] SPEAKER_01: Okay.
[04:08] SPEAKER_01: Okay.
[04:08] SPEAKER_01: Okay.
[04:08] SPEAKER_01: Okay.
[04:10] SPEAKER_01: Okay.
[04:11] SPEAKER_01: Okay.
[04:12] SPEAKER_01: Okay.
[04:12] SPEAKER_01: Okay.
[04:12] SPEAKER_01: Okay.
[04:13] SPEAKER_01: Okay.
[04:15] SPEAKER_01: Okay.
[04:16] SPEAKER_00: Okay.
[04:18] SPEAKER_00: Okay.
[04:22] SPEAKER_00: Okay.
[04:24] SPEAKER_01: Okay.
[04:24] SPEAKER_01: Okay.
[04:24] SPEAKER_01: Okay.
[04:25] SPEAKER_01: Okay.
[04:26] SPEAKER_01: Okay.
[04:26] SPEAKER_01: Okay.
[04:26] SPEAKER_01: Okay.
[04:27] SPEAKER_01: Okay.
[04:28] SPEAKER_01: Okay.
[04:29] SPEAKER_01: Okay.
[04:29] SPEAKER_01: Okay.
[04:29] SPEAKER_01: Okay.
[04:30] SPEAKER_01: Okay.
[04:31] SPEAKER_01: Okay.
[04:32] SPEAKER_00: Okay.
[04:34] SPEAKER_00: Okay.
[04:49] SPEAKER_00: Okay.
[04:50] SPEAKER_00: Okay.
[04:51] SPEAKER_00: Okay.
[04:53] SPEAKER_00: Okay.
[04:53] SPEAKER_00: Okay.
[04:53] SPEAKER_00: Okay.
[04:54] SPEAKER_00: Okay.","The main purpose of the call was to reschedule an endodontic appointment. During the conversation, it was confirmed that Neda Osmanovic's next available appointment slot is on the 6th, and this was agreed upon by both parties.",Abna,0.6,FALSE,neutral,professional,neutral,0.6,"The call was neutral overall, with the patient expressing no strong emotions and simply requesting a rescheduling of their endodontist appointment. The staff maintained a professional tone throughout, showing understanding and patience in handling the request. There were multiple confirmations and repetitions from both parties, which might indicate some level of frustration or disappointment on the patient's part regarding the unavailability of preferred dates.",neutral,0.5,low,professional,1,DISAPPOINTMENT,fair,unknown,None,appointment_booking,
(853)529-2911_booked.mp3,09/11/2025,17:08:44,"[00:00] SPEAKER_00: This call may be recorded for quality and training purposes.
[00:04] SPEAKER_00: Lincolnwood Family Dental, this is Whitney. How can I help you?
[00:07] SPEAKER_00: Hi, I was just looking to reschedule my appointment.
[00:11] SPEAKER_01: Okay, can I get your name?
[00:13] SPEAKER_01: Yeah, so our name is O-S-M-A-N-O-V-I-C.
[00:19] SPEAKER_00: First name?
[00:21] SPEAKER_00: Neva, N-E-J-R-A.
[00:27] SPEAKER_01: Okay.
[00:27] SPEAKER_01: The next opening would be Friday, September 19th.
[00:34] SPEAKER_00: For Endo?
[00:35] SPEAKER_00: Yes.
[00:37] SPEAKER_00: September 19th. What time?
[00:41] SPEAKER_01: That would be a 10...
[00:48] SPEAKER_00: You said 10?
[00:49] SPEAKER_00: 10 o'clock, yeah.
[00:52] SPEAKER_00: That's the only time?
[00:53] SPEAKER_00: Mm-hmm.
[00:55] SPEAKER_00: Okay.
[00:57] SPEAKER_01: Okay.
[00:58] SPEAKER_01: September 19th, I wouldn't have anything again until October 3rd.
[01:07] SPEAKER_00: Could I get referred out by any chance?
[01:11] SPEAKER_00: Let's see.
[01:15] SPEAKER_01: Okay.
[01:36] SPEAKER_00: I can ask the doctor to write you a referral.
[01:39] SPEAKER_00: Okay, yeah, and then do you guys, like, email it, or should I come in and pick it up?
[01:45] SPEAKER_01: I can email it. I'll email it to you.
[01:47] SPEAKER_01: All right, perfect.
[01:49] SPEAKER_01: Give me one second.
[01:51] SPEAKER_01: Okay.
[02:00] SPEAKER_01: Okay.
[02:05] SPEAKER_01: Okay.
[02:08] SPEAKER_00: Okay.
[02:12] SPEAKER_00: Okay.
[02:13] SPEAKER_00: Okay.
[02:13] SPEAKER_00: Okay.
[02:14] SPEAKER_00: Okay.
[02:15] SPEAKER_00: Okay.
[02:15] SPEAKER_00: Okay.
[02:17] SPEAKER_01: Okay.
[02:18] SPEAKER_01: Okay.
[02:19] SPEAKER_01: Okay.
[02:19] SPEAKER_01: Okay.
[02:19] SPEAKER_01: Okay.
[02:20] SPEAKER_01: Okay.
[02:20] SPEAKER_01: Okay.
[02:20] SPEAKER_01: Okay.
[02:21] SPEAKER_01: Okay.
[02:22] SPEAKER_01: Okay.
[02:23] SPEAKER_01: Okay.
[02:24] SPEAKER_00: Okay.
[02:35] SPEAKER_01: Okay.
[02:36] SPEAKER_01: Okay.
[02:37] SPEAKER_01: Okay.
[02:37] SPEAKER_01: Okay.
[02:40] SPEAKER_00: Okay.
[02:43] SPEAKER_00: Okay.
[02:43] SPEAKER_00: Okay.
[02:44] SPEAKER_00: Okay.
[02:46] SPEAKER_00: Okay.
[02:47] SPEAKER_00: Okay.
[02:48] SPEAKER_01: Okay.
[02:49] SPEAKER_01: Okay.
[02:49] SPEAKER_01: Okay.
[02:49] SPEAKER_01: Okay.
[02:49] SPEAKER_01: Okay.
[02:49] SPEAKER_01: Okay.
[02:50] SPEAKER_01: Okay.","The main purpose of the call was to reschedule an appointment for endodontic treatment. During the call, Whitney at Lincolnwood Family Dental confirmed a new appointment date and time (September 19th at 10 o'clock) and arranged to email a referral form to Neva Osmánovíć.",Whitney Minor,0.62,FALSE,neutral,professional,neutral,0.6,"The call was generally neutral with a slight hint of disappointment from the patient. The staff maintained a professional tone throughout, ensuring clear communication about appointment scheduling and referral processes. There were no specific dental-related emotions like pain or anxiety mentioned, but the patient seemed mildly disappointed due to limited availability for their preferred date.",neutral,0.5,low,professional,1,DISAPPOINTMENT,fair,unknown,None,appointment_booking,
(854)529-2911_booked.mp3,09/11/2025,17:12:53,"[00:00] SPEAKER_00: This call may be recorded for quality and training purposes.
[00:03] SPEAKER_00: Lincoln Wood Family Dental, this is Whitney.
[00:05] SPEAKER_00: How can I help you?
[00:07] SPEAKER_00: Hi, this is Kayla.
[00:09] SPEAKER_01: I have an appointment like next month for wisdom teeth removal and then also cleaning.
[00:16] SPEAKER_00: But I was wondering if you guys can bump it up to sometime this week or next week.
[00:22] SPEAKER_00: Can I get your last name?
[00:25] SPEAKER_01: M-G-U-Y.
[00:49] SPEAKER_00: Thank you.
[01:00] SPEAKER_01: One second.
[01:37] SPEAKER_00: I would be able to do next Tuesday at 10 a.m.
[01:43] SPEAKER_00: Okay.
[01:45] SPEAKER_01: Okay, I have you down.
[01:47] SPEAKER_01: Actually, you know what?
[01:48] SPEAKER_01: I'm wrong.
[01:48] SPEAKER_01: I'm wrong.
[01:48] SPEAKER_01: I'm sorry.
[01:50] SPEAKER_01: Because Dr. Sana is the only one that does wisdom teeth extractions.
[01:54] SPEAKER_00: And that is not who has the opening.
[01:58] SPEAKER_00: Give me one second.
[02:01] SPEAKER_01: Okay.
[02:03] SPEAKER_01: I can do next Thursday the 4th at 1030.
[02:08] SPEAKER_00: Oh.
[02:11] SPEAKER_00: I can't do that.
[02:13] SPEAKER_00: What about Friday?
[02:15] SPEAKER_00: She's only here Tuesdays, Wednesdays, and Thursdays.
[02:17] SPEAKER_01: Tuesdays and Thursdays.
[02:22] SPEAKER_01: How about the second she has anything?
[02:28] SPEAKER_00: The 10th?
[02:30] SPEAKER_00: The 10th I can do 10, 11, or 12.
[02:36] SPEAKER_01: 12?
[02:38] SPEAKER_01: 12 p.m.
[02:39] SPEAKER_01: Okay.
[02:39] SPEAKER_01: I have you down Wednesday, September 10th at 12 o'clock.
[02:44] SPEAKER_00: Yes.
[02:44] SPEAKER_00: And then also I wanted to cancel my dad's appointment.
[02:48] SPEAKER_01: I think he has, I don't know.
[02:50] SPEAKER_01: I can give you his last name.
[02:52] SPEAKER_01: Yes, please.
[02:53] SPEAKER_01: P-H-A-N.
[02:56] SPEAKER_00: P-H-A-N.
[02:57] SPEAKER_00: P-H-A-N.
[02:59] SPEAKER_00: P-H-A-N.
[03:01] SPEAKER_00: P-H-A-N.
[03:04] SPEAKER_01: P-H-A-N.
[03:05] SPEAKER_01: P-H-A-N.
[03:07] SPEAKER_01: P-H-A-N.
[03:07] SPEAKER_01: P-H-A-N.
[03:08] SPEAKER_01: P-H-A-N.
[03:09] SPEAKER_01: P-H-A-N.
[03:09] SPEAKER_01: P-H-A-N.
[03:09] SPEAKER_01: P-H-A-N.
[03:10] SPEAKER_01: P-H-A-N.
[03:10] SPEAKER_01: P-H-A-N.
[03:11] SPEAKER_01: P-H-A-N.
[03:11] SPEAKER_01: P-H-A-N.
[03:12] SPEAKER_00: P-H-A-N.
[03:12] SPEAKER_00: P-H-A-N.
[03:13] SPEAKER_00: P-H-A-N.
[03:14] SPEAKER_00: P-H-A-N.
[03:15] SPEAKER_00: P-H-A-N.
[03:16] SPEAKER_00: P-H-A-N.
[03:18] SPEAKER_00: P-H-A-N.","The main purpose of the call was to reschedule an upcoming wisdom teeth removal appointment and cancel an existing appointment for the patient's father. During the conversation, Whitney from Lincoln Wood Family Dental was able to schedule Kayla's wisdom teeth extraction for Wednesday, September 10th at 12 p.m., and confirmed that Kayla's father's appointment would be canceled.",Whitney,0.64,FALSE,neutral,positive,neutral,0.6,"The call was generally neutral, with the patient expressing disappointment about appointment availability. The staff maintained a positive and professional tone throughout, successfully managing the scheduling issues without causing further frustration. The patient's primary emotion was disappointment due to limited available times for their wisdom teeth removal and cleaning appointments.",disappointment,0.7,medium,professional,0.9,DISAPPOINTMENT,fair,unknown,None,major_treatment,
(855)529-2911_booked.mp3,09/11/2025,17:16:09,"[00:00] SPEAKER_00: This call may be recorded for quality and training purposes.
[00:03] SPEAKER_00: Lincoln Wood Family Dental.
[00:04] SPEAKER_00: This is Whitney.
[00:05] SPEAKER_00: How can I help you?
[00:06] SPEAKER_00: Hi, Whitney.
[00:07] SPEAKER_00: I'm a patient there, and about a month ago I got a referral for one of my wisdom teeth.
[00:15] SPEAKER_01: I was referred to Advanced Center for Surgery.
[00:19] SPEAKER_00: Okay.
[00:21] SPEAKER_00: I called them, but they don't take my insurance,
[00:24] SPEAKER_01: so I was wondering if there's any other place I can go.
[00:30] SPEAKER_01: Okay.
[00:31] SPEAKER_01: For the evaluation.
[00:32] SPEAKER_00: Can I get your name?
[00:34] SPEAKER_00: Yeah, it's Angelica.
[00:35] SPEAKER_00: My last name is Garcia Fisher.
[00:37] SPEAKER_00: Okay.
[00:38] SPEAKER_00: Let me see.
[00:39] SPEAKER_00: You're not so.
[00:44] SPEAKER_01: Should I be paid?
[00:47] SPEAKER_01: Just for the.
[00:49] SPEAKER_00: Everything was covered except for the fluoride.
[00:53] SPEAKER_00: Yeah.
[00:54] SPEAKER_00: Yeah.
[00:55] SPEAKER_00: And then.
[00:59] SPEAKER_01: Okay.
[01:00] SPEAKER_01: Let me ask Doctor which other office that we can refer to,
[01:03] SPEAKER_01: and then she can write a referral for that.
[01:07] SPEAKER_00: Okay.
[01:08] SPEAKER_00: Should I call or will I get a call back or?
[01:10] SPEAKER_00: I'll email it to you.
[01:12] SPEAKER_01: Oh, okay.
[01:13] SPEAKER_01: Thank you.
[01:13] SPEAKER_01: I don't think actually I don't think I have any.
[01:16] SPEAKER_01: What is your email address?
[01:19] SPEAKER_01: It's Celine, C-E-L-E-N-E, period, A-G at gmail.com.
[01:25] SPEAKER_00: Oh, okay.
[01:29] SPEAKER_01: I have C-E-L-E-N-E, period, A-G at gmail.com.
[01:30] SPEAKER_01: C-E-L-E-N-E, period, A-G at gmail.com.
[01:35] SPEAKER_01: Yes, that's it.
[01:36] SPEAKER_00: Okay.
[01:36] SPEAKER_00: I will email it there once the doctor writes one up.
[01:39] SPEAKER_00: Okay.
[01:40] SPEAKER_00: Thank you.
[01:41] SPEAKER_00: You're welcome.
[01:42] SPEAKER_00: Bye-bye.
[01:42] SPEAKER_00: Okay.","The main purpose of the call was for Angelica Garcia Fisher to seek an alternative dental surgery provider after her insurance was not accepted by the initially referred Advanced Center for Surgery. During the conversation, Whitney from Lincoln Wood Family Dental offered to write a referral and email it to Angelica, allowing her to find another suitable option for the wisdom tooth evaluation.",Whitney,0.91,FALSE,neutral,positive,neutral,0.6,"The patient expressed disappointment regarding their insurance coverage and the referral process. The staff maintained a professional, helpful tone throughout, providing clear guidance and ensuring that the patient's concerns were addressed. The overall sentiment of the call was neutral due to the mixed emotions from both parties, but the staff managed to de-escalate any potential frustration.",disappointment,0.8,medium,professional,1,"INSURANCE_ISSUE, DISAPPOINTMENT",fair,unknown,None,insurance,
(856)529-2911_booked.mp3,09/11/2025,17:29:04,"[00:00] SPEAKER_00: This call may be recorded for quality and training purposes.
[00:04] SPEAKER_00: Thank you for calling.
[00:05] SPEAKER_00: My name is Joanne.
[00:05] SPEAKER_00: I'm a dental staff.
[00:06] SPEAKER_00: How may I help you?
[00:08] SPEAKER_01: Yeah, ma'am.
[00:09] SPEAKER_01: You can accept the Medicaid and kids.
[00:13] SPEAKER_01: Not Medicaid.
[00:14] SPEAKER_01: Not Medicaid.
[00:16] SPEAKER_00: But my insurance is ABCD, so you take that?
[00:22] SPEAKER_00: I don't.
[00:23] SPEAKER_00: I'm not familiar with that.
[00:25] SPEAKER_01: Is it Medicare?
[00:28] SPEAKER_01: Is it a...
[00:29] SPEAKER_01: Yeah.
[00:30] SPEAKER_01: With the PPO plan?
[00:31] SPEAKER_01: HMO.
[00:32] SPEAKER_00: Oh, HMO we don't.
[00:33] SPEAKER_00: Yeah, it's a PPO.
[00:34] SPEAKER_00: No, no.
[00:35] SPEAKER_00: It's a PPO plan.
[00:37] SPEAKER_00: Are you sure?
[00:38] SPEAKER_00: Okay.
[00:38] SPEAKER_00: Yeah.
[00:39] SPEAKER_00: Yeah.
[00:39] SPEAKER_00: Yeah.
[00:39] SPEAKER_00: You may not.
[00:40] SPEAKER_01: I'll bring my ID with me so you can check it out.
[00:43] SPEAKER_01: Okay.
[00:45] SPEAKER_01: Have you been here before?
[00:47] SPEAKER_01: No.
[00:48] SPEAKER_00: Okay.
[00:51] SPEAKER_00: When can you come in?
[00:55] SPEAKER_00: First, I'm coming today to show you my ID,
[00:58] SPEAKER_01: and then...
[01:00] SPEAKER_01: We go forward, right?
[01:03] SPEAKER_01: If you give it to me over...
[01:04] SPEAKER_00: You guys open?
[01:05] SPEAKER_00: If you give it to me over the phone, I can check it like soon,
[01:09] SPEAKER_00: and then let you know.
[01:10] SPEAKER_00: Because we do have an opening today if you wanted to come in today.
[01:14] SPEAKER_01: Just a few more minutes.
[01:15] SPEAKER_01: I'm sitting in work.
[01:17] SPEAKER_01: Yeah, again?
[01:18] SPEAKER_01: We have an opening today if you wanted to come in today.
[01:24] SPEAKER_00: Yeah, I'm just coming to see your dispensary and show you my ID and everything.
[01:29] SPEAKER_01: No.
[01:29] SPEAKER_01: What I'm saying is if you give me the details of your group number and all that,
[01:34] SPEAKER_01: I can check it now.
[01:35] SPEAKER_01: And then if you wanted to come in for your appointment,
[01:38] SPEAKER_00: we could get you in today.
[01:42] SPEAKER_00: Okay.
[01:42] SPEAKER_00: Wait a second.
[01:46] SPEAKER_01: Group.
[01:47] SPEAKER_01: Where does it say group?
[01:50] SPEAKER_01: Is there a member ID number?
[01:52] SPEAKER_00: Okay.
[01:58] SPEAKER_00: It's H751.
[02:00] SPEAKER_01: It's a U-M-N-A.
[02:02] SPEAKER_01: Yeah, but I need to know the...
[02:05] SPEAKER_01: That's just the name of the insurance, but I need to know the member ID number.
[02:11] SPEAKER_00: Okay.
[02:12] SPEAKER_00: It's H751-31523.
[02:20] SPEAKER_01: H751...
[02:23] SPEAKER_01: 31523.
[02:27] SPEAKER_00: Okay.
[02:28] SPEAKER_00: Okay.
[02:29] SPEAKER_00: And what's your name?
[02:32] SPEAKER_01: Habib.
[02:33] SPEAKER_01: H-A-B-I-B.
[02:37] SPEAKER_01: And last name?
[02:40] SPEAKER_00: Mohyuddin.
[02:41] SPEAKER_00: M-O-H-I-U-D-D-I-N.
[02:50] SPEAKER_01: Okay.
[02:51] SPEAKER_01: And your date of birth?
[02:54] SPEAKER_01: August 15, 1952.
[02:57] SPEAKER_00: Okay.
[03:05] SPEAKER_01: And what's your phone number?
[03:08] SPEAKER_01: And what's a good phone number to reach you at?
[03:14] SPEAKER_00: 773-653-3106.
[03:19] SPEAKER_00: Okay.
[03:23] SPEAKER_01: And you're the subscriber, right?
[03:26] SPEAKER_01: Yes.
[03:27] SPEAKER_01: Okay.
[03:28] SPEAKER_00: Okay.
[03:28] SPEAKER_00: I will check that and then give you a call back.
[03:32] SPEAKER_00: Okay.
[03:33] SPEAKER_00: Okay?
[03:34] SPEAKER_00: Okay.
[03:35] SPEAKER_00: Okay.
[03:36] SPEAKER_01: Thank you.
[03:37] SPEAKER_01: Thank you.
[03:37] SPEAKER_01: No problem.
[03:38] SPEAKER_01: Bye.","The main purpose of the call was to determine insurance coverage and schedule an appointment for a new patient named Habib Mohyuddin. During the conversation, it was confirmed that the insurance is a PPO plan with member ID H751-31523, and details such as name, date of birth, and phone number were provided. The staff will check the coverage and call back with appointment details.",Joanne,0.71,FALSE,neutral,neutral,neutral,0.85,"The call was neutral in sentiment, with both the patient and staff maintaining a calm demeanor. The primary topic of discussion appeared to be insurance details, which did not evoke strong emotions from either party.",neutral,1,low,neutral,0.9,None,fair,unknown,None,insurance,
(857)529-2911_booked.mp3,09/11/2025,18:14:07,"[00:00] SPEAKER_00: This call may be recorded for quality and training purposes.
[00:03] SPEAKER_00: Thank you for calling.
[00:04] SPEAKER_00: I want to give a shout-out to my family.
[00:04] SPEAKER_00: That fills a stamina home.
[00:05] SPEAKER_00: I help you.
[00:07] SPEAKER_00: Yeah, hi.
[00:08] SPEAKER_01: Do you guys do retainers?
[00:13] SPEAKER_01: Yeah, I think so.
[00:16] SPEAKER_00: I lost my retainer, so I want to make a new one.
[00:18] SPEAKER_00: I want to get a new one.
[00:20] SPEAKER_00: Did you get –
[00:22] SPEAKER_00: I had braces before.
[00:24] SPEAKER_01: Okay, hold on one second.
[00:26] SPEAKER_01: Let me just go check.
[00:30] SPEAKER_01: I think I can see your name.
[01:09] SPEAKER_00: I can see your name.
[01:41] SPEAKER_00: Thank you.
[01:41] SPEAKER_00: Thank you for holding.
[01:42] SPEAKER_00: Have you been here before?
[01:44] SPEAKER_01: No.
[01:44] SPEAKER_01: Okay.
[01:46] SPEAKER_01: So we would have to take a scan and stuff, and then I would be able to –
[01:53] SPEAKER_00: if you came in, we would be able to tell you the exact price of it,
[01:57] SPEAKER_00: but we do do that.
[02:00] SPEAKER_00: Yeah.
[02:01] SPEAKER_01: Okay.
[02:01] SPEAKER_01: What's the range?
[02:03] SPEAKER_01: Like, I want to say around $500 for the top, and then same thing for the bottom.
[02:09] SPEAKER_00: Yeah.
[02:09] SPEAKER_00: I had to check with your retainer.
[02:11] SPEAKER_00: Mm-hmm.
[02:11] SPEAKER_00: All right.
[02:13] SPEAKER_00: Okay.
[02:14] SPEAKER_00: All right.
[02:15] SPEAKER_00: Thank you.
[02:16] SPEAKER_01: Yeah, no problem.
[02:17] SPEAKER_01: Okay, bye.
[02:18] SPEAKER_01: Mm-hmm.","The main purpose of the call was to inquire about getting a new retainer after losing the previous one. During the conversation, the caller confirmed that the dental office does provide retainer services and learned that a scan would be needed for an accurate price estimate, with a rough range of around $500 for both top and bottom retainers.",Unknown,0.72,FALSE,neutral,positive,neutral,0.6,"The call was generally neutral with the patient showing no strong emotions and a low level of disappointment. The staff maintained a professional tone, which helped in managing the situation effectively. There were no specific dental issues or insurance concerns mentioned.",neutral,0.5,low,professional,0.9,DISAPPOINTMENT,fair,unknown,None,general_inquiry,
(858)529-2911_booked.mp3,09/11/2025,18:17:56,"[00:00] SPEAKER_00: This call may be recorded for quality and training purposes.
[00:04] SPEAKER_00: Thank you for calling.
[00:05] SPEAKER_00: I'm going to go tell my dad to hold this phone and I'll help you.
[00:07] SPEAKER_00: Yeah, hi.
[00:08] SPEAKER_01: I don't know if I spoke to you or someone else.
[00:10] SPEAKER_01: I spoke about a retainer.
[00:11] SPEAKER_01: Oh, yeah.
[00:12] SPEAKER_01: That was me.
[00:13] SPEAKER_01: Yeah.
[00:13] SPEAKER_01: Do you do any payment plans?
[00:16] SPEAKER_00: Yeah, we do.
[00:17] SPEAKER_00: We do, like, share your credit.
[00:22] SPEAKER_00: Oh, I have to get approved for that.
[00:24] SPEAKER_01: Yeah.
[00:25] SPEAKER_01: Yeah, we can get you approved for it.
[00:30] SPEAKER_01: Okay.
[00:31] SPEAKER_01: So, yeah, I want to get an appointment.
[00:34] SPEAKER_00: Okay.
[00:48] SPEAKER_00: I can do tomorrow at 6.
[00:55] SPEAKER_00: Oh, 6 p.m.?
[00:56] SPEAKER_01: Yeah.
[00:58] SPEAKER_01: Oh, that's a bit too late.
[00:59] SPEAKER_01: My daughter has class.
[01:01] SPEAKER_01: Um, or Friday at either noon or 2?
[01:11] SPEAKER_00: Okay.
[01:12] SPEAKER_01: Friday noon is great.
[01:14] SPEAKER_01: Okay.
[01:20] SPEAKER_00: What's your last name?
[01:21] SPEAKER_00: Safi.
[01:23] SPEAKER_00: I'm second Sam, A.
[01:24] SPEAKER_00: I'm second Frank, I.
[01:27] SPEAKER_00: And first name?
[01:29] SPEAKER_01: Valia.
[01:30] SPEAKER_01: Z-A-L-I-A.
[01:34] SPEAKER_01: La-la-la.
[01:38] SPEAKER_00: Wait, Mimi, come.
[01:41] SPEAKER_00: Okay.
[01:43] SPEAKER_00: And your date of birth?
[01:46] SPEAKER_01: March 2nd, 1991.
[01:52] SPEAKER_00: March 2nd, 1991.
[01:54] SPEAKER_00: And then a phone number to reach you at?
[01:56] SPEAKER_00: Can I call you?
[01:57] SPEAKER_00: 773.
[02:01] SPEAKER_01: 849-4423.
[02:02] SPEAKER_01: Can I buy it?
[02:04] SPEAKER_01: Oh.
[02:06] SPEAKER_01: Mom, can I buy it?
[02:07] SPEAKER_01: No, you got to ask Lava.
[02:11] SPEAKER_00: He's right over there in the back.
[02:18] SPEAKER_01: Come.
[02:19] SPEAKER_01: Say it, okay.
[02:20] SPEAKER_01: Let me see it.
[02:24] SPEAKER_00: Mommy, look at this.
[02:25] SPEAKER_00: Wow.
[02:27] SPEAKER_00: Can I buy it?
[02:27] SPEAKER_00: Yeah.
[02:28] SPEAKER_00: Yeah.
[02:28] SPEAKER_00: Let me see it.
[02:28] SPEAKER_00: I want to see how much it is.
[02:35] SPEAKER_01: Yeah?
[02:37] SPEAKER_01: Okay.
[02:39] SPEAKER_01: Okay.
[02:41] SPEAKER_00: Okay.
[02:50] SPEAKER_01: You're all set for Friday at noon.
[02:56] SPEAKER_00: Friday noon.
[02:57] SPEAKER_00: Perfect.
[02:58] SPEAKER_00: Okay.
[02:59] SPEAKER_00: Noon.
[03:00] SPEAKER_00: 12.
[03:01] SPEAKER_00: Yeah.
[03:02] SPEAKER_00: All right.
[03:02] SPEAKER_00: Perfect.
[03:03] SPEAKER_00: Thank you so much.
[03:04] SPEAKER_01: Yeah.
[03:04] SPEAKER_01: No problem.
[03:05] SPEAKER_01: I'll see you then.
[03:06] SPEAKER_01: Okay.
[03:06] SPEAKER_01: Have a good day.
[03:06] SPEAKER_01: Bye.
[03:07] SPEAKER_01: You too.
[03:07] SPEAKER_01: Bye.","The main purpose of the call was to schedule an appointment for a dental retainer check-up and discuss payment options. The caller, Valia Safi, successfully scheduled an appointment for Friday at noon and confirmed the details with the office, including her contact information.",Going,0.64,FALSE,neutral,positive,neutral,0.6,"The call was generally neutral with a positive staff response. The patient seemed satisfied with the appointment scheduling and payment plan options discussed, though there were some minor communication issues that led to brief confusion about names and numbers. The staff maintained a professional tone throughout, ensuring clear understanding of the patient's needs.",neutral,0.5,low,professional,0.9,SATISFACTION,fair,unknown,None,appointment_booking,
(847)529-2911_booked.mp3,09/11/2025,18:25:11,"[00:00] SPEAKER_00: This call may be recorded for quality and training purposes.
[00:03] SPEAKER_00: Lincolnwood Family Dental, this is Whitney.
[00:05] SPEAKER_00: How can I help you?
[00:06] SPEAKER_00: Whitney, this is Chelsea Jordan.
[00:08] SPEAKER_01: Can I make an appointment for a cleaning?
[00:12] SPEAKER_01: Okay, spell the last name for me.
[00:15] SPEAKER_01: Jordan, D-O-R-D-A-N.
[00:27] SPEAKER_01: Okay.
[00:27] SPEAKER_01: Okay.
[00:29] SPEAKER_01: The next opening I would have would be Thursday, September 4th at 1030.
[00:47] SPEAKER_01: I'm looking something in the afternoon, kind of the evening.
[00:55] SPEAKER_00: Evening.
[00:57] SPEAKER_01: I can do a 4.30 or a 5 o'clock Thursday, September 18th.
[01:03] SPEAKER_01: Or I can do a 4 o'clock September 11th, 3 or 4.
[01:08] SPEAKER_00: The 18 is the 5 o'clock, the last one?
[01:12] SPEAKER_01: Yes.
[01:14] SPEAKER_01: Okay.
[01:14] SPEAKER_01: Can I be there about 5.15 or not, Whitney?
[01:18] SPEAKER_01: No.
[01:18] SPEAKER_01: 15 minutes is the grace period, and it's typically like a 30 to 35-minute appointment,
[01:24] SPEAKER_00: so that would eat up most of your appointment.
[01:27] SPEAKER_00: Unless you were okay with seeing a different doctor.
[01:36] SPEAKER_00: 5 o'clock on Thursday, the 18th.
[01:41] SPEAKER_00: Mm-hmm.
[01:42] SPEAKER_00: And what is the hours on Saturday?
[01:45] SPEAKER_01: Saturday is 9 to 1, and Dr. Asana is not here on Saturdays either.
[01:51] SPEAKER_01: And the next time we had a Saturday opening would be the 4th of October.
[01:58] SPEAKER_00: Yeah.
[01:59] SPEAKER_00: Yeah, but that time it doesn't work with me either.
[02:03] SPEAKER_01: So you know what?
[02:04] SPEAKER_01: I'm going for like a 5.15, 5.30, because, you know, I get off from work at 5,
[02:10] SPEAKER_00: so it's, you know, seven miles away from you guys.
[02:15] SPEAKER_00: But you know what?
[02:16] SPEAKER_01: I really need the cleaning.
[02:19] SPEAKER_01: Are you okay with seeing a different doctor?
[02:21] SPEAKER_01: Because that might open up some opportunity.
[02:26] SPEAKER_00: Well, who else isn't there?
[02:28] SPEAKER_00: I haven't been there for a while.
[02:29] SPEAKER_00: When was the last time that I did the cleaning?
[02:32] SPEAKER_01: In 2022.
[02:34] SPEAKER_01: Oh, my God.
[02:35] SPEAKER_01: That's horrible.
[02:37] SPEAKER_01: So you may need to take x-rays and everything.
[02:41] SPEAKER_00: Yeah, probably.
[02:43] SPEAKER_00: And how much is for the cleaning, regular cleaning?
[02:47] SPEAKER_00: Are you using insurance?
[02:49] SPEAKER_01: No, I'm paying out of pocket cash.
[02:53] SPEAKER_01: Okay.
[02:54] SPEAKER_01: One second.
[03:05] SPEAKER_01: $109 for the cleaning and the exam.
[03:08] SPEAKER_01: Okay.
[03:09] SPEAKER_01: $109.
[03:10] SPEAKER_01: All right.
[03:11] SPEAKER_01: Credit card is fine, right?
[03:12] SPEAKER_00: Mm-hmm.
[03:13] SPEAKER_00: Okay.
[03:15] SPEAKER_00: Okay, let's go back with the date and time.
[03:20] SPEAKER_01: If I see somebody else, what will be the time?
[03:24] SPEAKER_01: Because I'm looking like a 5.30 one.
[03:27] SPEAKER_01: 5.15, 5.30.
[03:30] SPEAKER_00: Okay.
[03:33] SPEAKER_00: Okay.
[03:37] SPEAKER_01: Okay.
[03:39] SPEAKER_01: Okay.
[03:41] SPEAKER_01: Okay.
[03:42] SPEAKER_01: Okay.
[03:44] SPEAKER_00: Okay.
[03:44] SPEAKER_00: Okay.
[03:45] SPEAKER_00: Okay.
[03:46] SPEAKER_00: Okay.
[03:47] SPEAKER_00: Okay.
[03:47] SPEAKER_00: Okay.
[03:47] SPEAKER_00: Okay.
[03:47] SPEAKER_00: Okay.
[03:48] SPEAKER_00: Okay.
[03:51] SPEAKER_00: Okay.
[03:53] SPEAKER_01: Okay.
[03:59] SPEAKER_01: Okay.
[04:06] SPEAKER_00: Okay.
[04:08] SPEAKER_01: Okay.
[04:10] SPEAKER_01: Okay.
[04:11] SPEAKER_01: Okay.
[04:12] SPEAKER_01: Okay.
[04:13] SPEAKER_01: Okay.
[04:14] SPEAKER_01: Okay.
[04:14] SPEAKER_01: Okay.
[04:14] SPEAKER_01: Okay.
[04:15] SPEAKER_01: Okay.
[04:15] SPEAKER_01: Okay.
[04:15] SPEAKER_01: Okay.
[04:15] SPEAKER_01: Okay.
[04:15] SPEAKER_01: Okay.
[04:15] SPEAKER_01: Okay.
[04:15] SPEAKER_01: Okay.
[04:18] SPEAKER_00: Okay.
[04:19] SPEAKER_00: Okay.
[04:20] SPEAKER_00: Okay.
[04:21] SPEAKER_00: Okay.
[04:24] SPEAKER_01: Okay.
[04:25] SPEAKER_01: Okay.
[04:26] SPEAKER_01: Okay.
[04:29] SPEAKER_01: Okay.
[04:29] SPEAKER_01: Okay.
[04:29] SPEAKER_01: Okay.
[04:29] SPEAKER_01: Okay.
[04:29] SPEAKER_01: Okay.
[04:31] SPEAKER_01: Okay.
[04:34] SPEAKER_00: Okay.
[04:35] SPEAKER_00: Okay.
[04:35] SPEAKER_00: Okay.
[04:37] SPEAKER_00: Okay.
[04:38] SPEAKER_00: Okay.
[04:39] SPEAKER_00: Okay.","The main purpose of the call was to schedule a dental cleaning appointment for Chelsea Jordan. During the conversation, various dates and times were discussed, but ultimately, an appointment was set for Thursday, September 18th, at 5:00 PM, with a different dentist due to availability constraints. The total cost for the cleaning and exam was confirmed at $109, to be paid out of pocket via credit card.",Whitney,0.71,FALSE,neutral,neutral,neutral,0.75,"The call was neutral overall with no strong positive or negative sentiments. The patient and staff both showed a lack of emotional engagement, focusing mainly on scheduling and payment matters related to insurance. There were no signs of high intensity emotions such as pain, anxiety, or satisfaction, but there was an indication of some concern regarding the insurance coverage.",none,1,low,none,1,None,fair,unknown,None,cleaning,
(217)801-7932_general.mp3,09/11/2025,18:27:19,"[00:00] SPEAKER_00: This call may be recorded for quality and training purposes.
[00:03] SPEAKER_00: Lincolnwood Family Dental, please hold.
[00:41] SPEAKER_01: Thank you so much for holding.
[00:43] SPEAKER_01: This is Whitney.
[00:43] SPEAKER_01: How can I help you?
[00:45] SPEAKER_01: Hi, my name is Autumn Smith.
[00:47] SPEAKER_01: I have an appointment today at 5 o'clock, and I have a family emergency come up.
[00:52] SPEAKER_00: I was wondering if I could reschedule that.
[00:54] SPEAKER_00: Yeah, let me look at what the next opening would be.
[01:00] SPEAKER_01: Okay.
[01:04] SPEAKER_00: First one would be Tuesday, September 2nd at 10 a.m.
[01:09] SPEAKER_00: Okay.
[01:10] SPEAKER_00: Do you have anything on a Friday, maybe?
[01:13] SPEAKER_01: Friday would be September 12th.
[01:16] SPEAKER_01: Yeah.
[01:17] SPEAKER_01: Do you have anything available?
[01:19] SPEAKER_01: 10 o'clock?
[01:20] SPEAKER_00: Mm-hmm.
[01:22] SPEAKER_00: Okay, great.
[01:23] SPEAKER_00: I will take that.
[01:25] SPEAKER_00: Okay.
[01:25] SPEAKER_00: I have you down now Friday, September 12th, 10 a.m.
[01:29] SPEAKER_01: Okay.
[01:29] SPEAKER_01: Great.
[01:29] SPEAKER_01: Perfect.
[01:30] SPEAKER_01: Thank you so much.
[01:31] SPEAKER_01: You're welcome.
[01:31] SPEAKER_01: Have a good day.
[01:32] SPEAKER_01: You too.
[01:33] SPEAKER_01: Bye-bye.
[01:33] SPEAKER_01: Bye-bye.","The main purpose of the call was for Autumn Smith to reschedule her dental appointment due to a family emergency. During the conversation, Whitney, the receptionist, helped reschedule the appointment from 5 p.m. on September 2nd to 10 a.m. on September 12th, and this new time slot was confirmed.",Whitney,0.79,FALSE,neutral,positive,neutral,0.6,"The call was neutral overall, with the patient experiencing disappointment due to rescheduling their appointment. The staff maintained a professional and helpful tone throughout, successfully accommodating the patient's request without any escalation of emotions.",disappointment,0.8,medium,professional,0.9,DISAPPOINTMENT,fair,unknown,None,appointment_booking,
(857)529-2911_booked.mp3,09/11/2025,22:35:44,"[00:00] SPEAKER_00: This call may be recorded for quality and training purposes.
[00:03] SPEAKER_00: Thank you for calling.
[00:04] SPEAKER_00: I want to give a shout-out to my family.
[00:04] SPEAKER_00: That fills a stamina home.
[00:05] SPEAKER_00: I help you.
[00:07] SPEAKER_00: Yeah, hi.
[00:08] SPEAKER_01: Do you guys do retainers?
[00:13] SPEAKER_01: Yeah, I think so.
[00:16] SPEAKER_00: I lost my retainer, so I want to make a new one.
[00:18] SPEAKER_00: I want to get a new one.
[00:20] SPEAKER_00: Did you get –
[00:22] SPEAKER_00: I had braces before.
[00:24] SPEAKER_01: Okay, hold on one second.
[00:26] SPEAKER_01: Let me just go check.
[00:30] SPEAKER_01: I think I can see your name.
[01:09] SPEAKER_00: I can see your name.
[01:41] SPEAKER_00: Thank you.
[01:41] SPEAKER_00: Thank you for holding.
[01:42] SPEAKER_00: Have you been here before?
[01:44] SPEAKER_01: No.
[01:44] SPEAKER_01: Okay.
[01:46] SPEAKER_01: So we would have to take a scan and stuff, and then I would be able to –
[01:53] SPEAKER_00: if you came in, we would be able to tell you the exact price of it,
[01:57] SPEAKER_00: but we do do that.
[02:00] SPEAKER_00: Yeah.
[02:01] SPEAKER_01: Okay.
[02:01] SPEAKER_01: What's the range?
[02:03] SPEAKER_01: Like, I want to say around $500 for the top, and then same thing for the bottom.
[02:09] SPEAKER_00: Yeah.
[02:09] SPEAKER_00: I had to check with your retainer.
[02:11] SPEAKER_00: Mm-hmm.
[02:11] SPEAKER_00: All right.
[02:13] SPEAKER_00: Okay.
[02:14] SPEAKER_00: All right.
[02:15] SPEAKER_00: Thank you.
[02:16] SPEAKER_01: Yeah, no problem.
[02:17] SPEAKER_01: Okay, bye.
[02:18] SPEAKER_01: Mm-hmm.","The main purpose of the call was to inquire about getting a new retainer after losing an existing one. During the conversation, the caller confirmed that the dental office does provide retainer services and learned that a scan would be needed for a precise price estimate, with a rough range of around $500 for both top and bottom retainers.",Unknown,0.72,FALSE,neutral,positive,neutral,0.6,"The call was relatively neutral overall, with the patient expressing a mix of indifference and mild disappointment about the cost of retainers. The staff maintained a professional and helpful tone throughout, ensuring clear communication regarding the process and pricing. There were no explicit mentions of pain, anxiety, or service satisfaction issues.",neutral,0.5,low,professional,0.9,DISAPPOINTMENT,fair,unknown,None,general_inquiry,
(858)529-2911_booked.mp3,09/11/2025,22:39:26,"[00:00] SPEAKER_00: This call may be recorded for quality and training purposes.
[00:04] SPEAKER_00: Thank you for calling.
[00:05] SPEAKER_00: I'm going to go tell my dad to hold this phone and I'll help you.
[00:07] SPEAKER_00: Yeah, hi.
[00:08] SPEAKER_01: I don't know if I spoke to you or someone else.
[00:10] SPEAKER_01: I spoke about a retainer.
[00:11] SPEAKER_01: Oh, yeah.
[00:12] SPEAKER_01: That was me.
[00:13] SPEAKER_01: Yeah.
[00:13] SPEAKER_01: Do you do any payment plans?
[00:16] SPEAKER_00: Yeah, we do.
[00:17] SPEAKER_00: We do, like, share your credit.
[00:22] SPEAKER_00: Oh, I have to get approved for that.
[00:24] SPEAKER_01: Yeah.
[00:25] SPEAKER_01: Yeah, we can get you approved for it.
[00:30] SPEAKER_01: Okay.
[00:31] SPEAKER_01: So, yeah, I want to get an appointment.
[00:34] SPEAKER_00: Okay.
[00:48] SPEAKER_00: I can do tomorrow at 6.
[00:55] SPEAKER_00: Oh, 6 p.m.?
[00:56] SPEAKER_01: Yeah.
[00:58] SPEAKER_01: Oh, that's a bit too late.
[00:59] SPEAKER_01: My daughter has class.
[01:01] SPEAKER_01: Um, or Friday at either noon or 2?
[01:11] SPEAKER_00: Okay.
[01:12] SPEAKER_01: Friday noon is great.
[01:14] SPEAKER_01: Okay.
[01:20] SPEAKER_00: What's your last name?
[01:21] SPEAKER_00: Safi.
[01:23] SPEAKER_00: I'm second Sam, A.
[01:24] SPEAKER_00: I'm second Frank, I.
[01:27] SPEAKER_00: And first name?
[01:29] SPEAKER_01: Valia.
[01:30] SPEAKER_01: Z-A-L-I-A.
[01:34] SPEAKER_01: La-la-la.
[01:38] SPEAKER_00: Wait, Mimi, come.
[01:41] SPEAKER_00: Okay.
[01:43] SPEAKER_00: And your date of birth?
[01:46] SPEAKER_01: March 2nd, 1991.
[01:52] SPEAKER_00: March 2nd, 1991.
[01:54] SPEAKER_00: And then a phone number to reach you at?
[01:56] SPEAKER_00: Can I call you?
[01:57] SPEAKER_00: 773.
[02:01] SPEAKER_01: 849-4423.
[02:02] SPEAKER_01: Can I buy it?
[02:04] SPEAKER_01: Oh.
[02:06] SPEAKER_01: Mom, can I buy it?
[02:07] SPEAKER_01: No, you got to ask Lava.
[02:11] SPEAKER_00: He's right over there in the back.
[02:18] SPEAKER_01: Come.
[02:19] SPEAKER_01: Say it, okay.
[02:20] SPEAKER_01: Let me see it.
[02:24] SPEAKER_00: Mommy, look at this.
[02:25] SPEAKER_00: Wow.
[02:27] SPEAKER_00: Can I buy it?
[02:27] SPEAKER_00: Yeah.
[02:28] SPEAKER_00: Yeah.
[02:28] SPEAKER_00: Let me see it.
[02:28] SPEAKER_00: I want to see how much it is.
[02:35] SPEAKER_01: Yeah?
[02:37] SPEAKER_01: Okay.
[02:39] SPEAKER_01: Okay.
[02:41] SPEAKER_00: Okay.
[02:50] SPEAKER_01: You're all set for Friday at noon.
[02:56] SPEAKER_00: Friday noon.
[02:57] SPEAKER_00: Perfect.
[02:58] SPEAKER_00: Okay.
[02:59] SPEAKER_00: Noon.
[03:00] SPEAKER_00: 12.
[03:01] SPEAKER_00: Yeah.
[03:02] SPEAKER_00: All right.
[03:02] SPEAKER_00: Perfect.
[03:03] SPEAKER_00: Thank you so much.
[03:04] SPEAKER_01: Yeah.
[03:04] SPEAKER_01: No problem.
[03:05] SPEAKER_01: I'll see you then.
[03:06] SPEAKER_01: Okay.
[03:06] SPEAKER_01: Have a good day.
[03:06] SPEAKER_01: Bye.
[03:07] SPEAKER_01: You too.
[03:07] SPEAKER_01: Bye.","The main purpose of the call was to schedule an appointment for a dental retainer check-up and discuss payment options. The caller, Valia Safi, successfully scheduled an appointment for Friday at noon and confirmed the details with the receptionist.",Going,0.64,FALSE,neutral,positive,neutral,0.6,"The call was generally neutral with a positive staff response. The patient seemed satisfied with the appointment scheduling and payment plan options, but there were no strong emotional indicators from either party. The staff maintained a professional tone throughout, ensuring clear communication about the appointment details.",neutral,0.5,low,professional,0.9,SATISFACTION,fair,unknown,None,appointment_booking,
(847)529-2911_booked.mp3,09/11/2025,22:46:38,"[00:00] SPEAKER_00: This call may be recorded for quality and training purposes.
[00:03] SPEAKER_00: Lincolnwood Family Dental, this is Whitney.
[00:05] SPEAKER_00: How can I help you?
[00:06] SPEAKER_00: Whitney, this is Chelsea Jordan.
[00:08] SPEAKER_01: Can I make an appointment for a cleaning?
[00:12] SPEAKER_01: Okay, spell the last name for me.
[00:15] SPEAKER_01: Jordan, D-O-R-D-A-N.
[00:27] SPEAKER_01: Okay.
[00:27] SPEAKER_01: Okay.
[00:29] SPEAKER_01: The next opening I would have would be Thursday, September 4th at 1030.
[00:47] SPEAKER_01: I'm looking something in the afternoon, kind of the evening.
[00:55] SPEAKER_00: Evening.
[00:57] SPEAKER_01: I can do a 4.30 or a 5 o'clock Thursday, September 18th.
[01:03] SPEAKER_01: Or I can do a 4 o'clock September 11th, 3 or 4.
[01:08] SPEAKER_00: The 18 is the 5 o'clock, the last one?
[01:12] SPEAKER_01: Yes.
[01:14] SPEAKER_01: Okay.
[01:14] SPEAKER_01: Can I be there about 5.15 or not, Whitney?
[01:18] SPEAKER_01: No.
[01:18] SPEAKER_01: 15 minutes is the grace period, and it's typically like a 30 to 35-minute appointment,
[01:24] SPEAKER_00: so that would eat up most of your appointment.
[01:27] SPEAKER_00: Unless you were okay with seeing a different doctor.
[01:36] SPEAKER_00: 5 o'clock on Thursday, the 18th.
[01:41] SPEAKER_00: Mm-hmm.
[01:42] SPEAKER_00: And what is the hours on Saturday?
[01:45] SPEAKER_01: Saturday is 9 to 1, and Dr. Asana is not here on Saturdays either.
[01:51] SPEAKER_01: And the next time we had a Saturday opening would be the 4th of October.
[01:58] SPEAKER_00: Yeah.
[01:59] SPEAKER_00: Yeah, but that time it doesn't work with me either.
[02:03] SPEAKER_01: So you know what?
[02:04] SPEAKER_01: I'm going for like a 5.15, 5.30, because, you know, I get off from work at 5,
[02:10] SPEAKER_00: so it's, you know, seven miles away from you guys.
[02:15] SPEAKER_00: But you know what?
[02:16] SPEAKER_01: I really need the cleaning.
[02:19] SPEAKER_01: Are you okay with seeing a different doctor?
[02:21] SPEAKER_01: Because that might open up some opportunity.
[02:26] SPEAKER_00: Well, who else isn't there?
[02:28] SPEAKER_00: I haven't been there for a while.
[02:29] SPEAKER_00: When was the last time that I did the cleaning?
[02:32] SPEAKER_01: In 2022.
[02:34] SPEAKER_01: Oh, my God.
[02:35] SPEAKER_01: That's horrible.
[02:37] SPEAKER_01: So you may need to take x-rays and everything.
[02:41] SPEAKER_00: Yeah, probably.
[02:43] SPEAKER_00: And how much is for the cleaning, regular cleaning?
[02:47] SPEAKER_00: Are you using insurance?
[02:49] SPEAKER_01: No, I'm paying out of pocket cash.
[02:53] SPEAKER_01: Okay.
[02:54] SPEAKER_01: One second.
[03:05] SPEAKER_01: $109 for the cleaning and the exam.
[03:08] SPEAKER_01: Okay.
[03:09] SPEAKER_01: $109.
[03:10] SPEAKER_01: All right.
[03:11] SPEAKER_01: Credit card is fine, right?
[03:12] SPEAKER_00: Mm-hmm.
[03:13] SPEAKER_00: Okay.
[03:15] SPEAKER_00: Okay, let's go back with the date and time.
[03:20] SPEAKER_01: If I see somebody else, what will be the time?
[03:24] SPEAKER_01: Because I'm looking like a 5.30 one.
[03:27] SPEAKER_01: 5.15, 5.30.
[03:30] SPEAKER_00: Okay.
[03:33] SPEAKER_00: Okay.
[03:37] SPEAKER_01: Okay.
[03:39] SPEAKER_01: Okay.
[03:41] SPEAKER_01: Okay.
[03:42] SPEAKER_01: Okay.
[03:44] SPEAKER_00: Okay.
[03:44] SPEAKER_00: Okay.
[03:45] SPEAKER_00: Okay.
[03:46] SPEAKER_00: Okay.
[03:47] SPEAKER_00: Okay.
[03:47] SPEAKER_00: Okay.
[03:47] SPEAKER_00: Okay.
[03:47] SPEAKER_00: Okay.
[03:48] SPEAKER_00: Okay.
[03:51] SPEAKER_00: Okay.
[03:53] SPEAKER_01: Okay.
[03:59] SPEAKER_01: Okay.
[04:06] SPEAKER_00: Okay.
[04:08] SPEAKER_01: Okay.
[04:10] SPEAKER_01: Okay.
[04:11] SPEAKER_01: Okay.
[04:12] SPEAKER_01: Okay.
[04:13] SPEAKER_01: Okay.
[04:14] SPEAKER_01: Okay.
[04:14] SPEAKER_01: Okay.
[04:14] SPEAKER_01: Okay.
[04:15] SPEAKER_01: Okay.
[04:15] SPEAKER_01: Okay.
[04:15] SPEAKER_01: Okay.
[04:15] SPEAKER_01: Okay.
[04:15] SPEAKER_01: Okay.
[04:15] SPEAKER_01: Okay.
[04:15] SPEAKER_01: Okay.
[04:18] SPEAKER_00: Okay.
[04:19] SPEAKER_00: Okay.
[04:20] SPEAKER_00: Okay.
[04:21] SPEAKER_00: Okay.
[04:24] SPEAKER_01: Okay.
[04:25] SPEAKER_01: Okay.
[04:26] SPEAKER_01: Okay.
[04:29] SPEAKER_01: Okay.
[04:29] SPEAKER_01: Okay.
[04:29] SPEAKER_01: Okay.
[04:29] SPEAKER_01: Okay.
[04:29] SPEAKER_01: Okay.
[04:31] SPEAKER_01: Okay.
[04:34] SPEAKER_00: Okay.
[04:35] SPEAKER_00: Okay.
[04:35] SPEAKER_00: Okay.
[04:37] SPEAKER_00: Okay.
[04:38] SPEAKER_00: Okay.
[04:39] SPEAKER_00: Okay.","The main purpose of the call was to schedule a dental cleaning appointment for Chelsea Jordan. During the conversation, various dates and times were discussed, but ultimately, an appointment was set for Thursday, September 18th, at 5:00 PM, with a different dentist due to availability constraints. The total cost for the cleaning and exam was confirmed at $109, to be paid out of pocket via credit card.",Whitney,0.71,FALSE,neutral,neutral,neutral,0.75,"The call was generally neutral, with both the patient and staff maintaining a calm demeanor. The primary topic of discussion centered around payment, appointment scheduling, and insurance, without any significant emotional indicators. The patient's speech was brief and focused on practical matters, while the staff maintained a professional tone throughout.",none,1,low,none,1,None,fair,unknown,None,cleaning,
(217)801-7932_general.mp3,09/11/2025,22:48:43,"[00:00] SPEAKER_00: This call may be recorded for quality and training purposes.
[00:03] SPEAKER_00: Lincolnwood Family Dental, please hold.
[00:41] SPEAKER_01: Thank you so much for holding.
[00:43] SPEAKER_01: This is Whitney.
[00:43] SPEAKER_01: How can I help you?
[00:45] SPEAKER_01: Hi, my name is Autumn Smith.
[00:47] SPEAKER_01: I have an appointment today at 5 o'clock, and I have a family emergency come up.
[00:52] SPEAKER_00: I was wondering if I could reschedule that.
[00:54] SPEAKER_00: Yeah, let me look at what the next opening would be.
[01:00] SPEAKER_01: Okay.
[01:04] SPEAKER_00: First one would be Tuesday, September 2nd at 10 a.m.
[01:09] SPEAKER_00: Okay.
[01:10] SPEAKER_00: Do you have anything on a Friday, maybe?
[01:13] SPEAKER_01: Friday would be September 12th.
[01:16] SPEAKER_01: Yeah.
[01:17] SPEAKER_01: Do you have anything available?
[01:19] SPEAKER_01: 10 o'clock?
[01:20] SPEAKER_00: Mm-hmm.
[01:22] SPEAKER_00: Okay, great.
[01:23] SPEAKER_00: I will take that.
[01:25] SPEAKER_00: Okay.
[01:25] SPEAKER_00: I have you down now Friday, September 12th, 10 a.m.
[01:29] SPEAKER_01: Okay.
[01:29] SPEAKER_01: Great.
[01:29] SPEAKER_01: Perfect.
[01:30] SPEAKER_01: Thank you so much.
[01:31] SPEAKER_01: You're welcome.
[01:31] SPEAKER_01: Have a good day.
[01:32] SPEAKER_01: You too.
[01:33] SPEAKER_01: Bye-bye.
[01:33] SPEAKER_01: Bye-bye.","The main purpose of the call was for Autumn Smith to reschedule her dental appointment due to a family emergency. During the conversation, Whitney, the representative from Lincolnwood Family Dental, helped reschedule the appointment to Friday, September 12th at 10 a.m., and the new time was confirmed and recorded.",Whitney,0.79,FALSE,neutral,positive,neutral,0.6,"The call was relatively neutral in sentiment, with the patient expressing a mix of gratitude and mild disappointment about rescheduling their appointment. The staff maintained a professional tone throughout, showing understanding and flexibility. There were no specific dental-related issues discussed, such as pain or anxiety, but there was an indication of some dissatisfaction due to the need for rescheduling.",neutral,0.5,low,professional,0.9,DISAPPOINTMENT,fair,unknown,None,appointment_booking,
(218)801-7932_general.mp3,09/11/2025,22:51:43,"[00:00] SPEAKER_00: This call may be recorded for quality and training purposes.
[00:03] SPEAKER_00: Lincolnwood Family Dental.
[00:04] SPEAKER_00: This is Whitney.
[00:05] SPEAKER_00: How can I help you?
[00:07] SPEAKER_00: Hey, Whitney.
[00:08] SPEAKER_01: I called last week or sometime to see if a dentist had written another prescription for a moccasin
[00:16] SPEAKER_00: because I've been having, like, pretty bad tooth pain.
[00:19] SPEAKER_00: I never heard back from you guys.
[00:21] SPEAKER_00: I don't know if that's possible, but it's not.
[00:23] SPEAKER_00: I guess, do you have any, like, openings soon where I could get a script?
[00:28] SPEAKER_01: What is your name?
[00:30] SPEAKER_01: Jeff Lee.
[00:44] SPEAKER_01: And what area is causing the concern?
[00:47] SPEAKER_01: Is it upper, lower, left, or right?
[00:50] SPEAKER_00: It's my upper right gum.
[00:54] SPEAKER_00: I came in, like, two or three times.
[00:58] SPEAKER_01: I have an appointment on Monday to see a…
[01:02] SPEAKER_01: Periodontist.
[01:03] SPEAKER_01: Periodontist, yeah.
[01:05] SPEAKER_00: I've just been in, like, a lot of pain, and I feel like a moccasin helps.
[01:11] SPEAKER_00: Okay.
[01:12] SPEAKER_01: Let me see who's…
[01:17] SPEAKER_01: I will ask either Dr. Stahn or Dr. Patel if we can come up with a prescription.
[01:21] SPEAKER_00: You would have to come and pick it up.
[01:23] SPEAKER_00: But I will see if they can just kind of, like, you know,
[01:27] SPEAKER_00: give another one just to hold you over until we see what's going on there on Monday.
[01:32] SPEAKER_01: Okay.
[01:33] SPEAKER_01: Okay, so I'll send you a text message letting you know that the prescription is ready for pickup.
[01:41] SPEAKER_00: Okay.
[01:42] SPEAKER_00: I guess if I don't hear back, can I just, like, call back in now, like, a few hours then?
[01:47] SPEAKER_01: It shouldn't take that long.
[01:49] SPEAKER_01: I'll send you a text message.
[01:50] SPEAKER_01: I just need one of them to write it or redo it.
[01:54] SPEAKER_00: Okay.
[01:54] SPEAKER_00: All right.
[01:55] SPEAKER_00: Thank you.
[01:55] SPEAKER_00: You're welcome.
[01:56] SPEAKER_00: Bye-bye.
[01:56] SPEAKER_00: Bye.","The main purpose of the call was for Jeff Lee to inquire about obtaining another prescription for moccasin due to ongoing tooth pain in his upper right gum. Whitney, a representative from Lincolnwood Family Dental, arranged to have either Dr. Stahn or Dr. Patel provide a temporary prescription that Jeff could pick up, pending further evaluation by a periodontist on Monday.",Whitney,0.66,FALSE,neutral,positive,neutral,0.6,"The patient expressed fear and anxiety regarding their tooth pain, which they have been experiencing for multiple visits. The staff maintained a professional tone throughout the conversation, offering to assist in obtaining a prescription. While the call did not result in high satisfaction or disappointment, it highlighted the patient's ongoing discomfort and need for support.",fear,0.8,medium,professional,1,"PAIN, ANXIETY",fair,unknown,None,emergency,
(219)801-7932_general.mp3,09/11/2025,22:56:23,"[00:00] SPEAKER_00: This call may be recorded for quality and training purposes.
[00:04] SPEAKER_00: Thank you for calling.
[00:04] SPEAKER_00: I went through a trial.
[00:05] SPEAKER_00: My dad told us something.
[00:06] SPEAKER_00: How may I help you?
[00:07] SPEAKER_00: My name is Sherwin Langer.
[00:09] SPEAKER_01: I was a patient there.
[00:10] SPEAKER_01: My crown came out.
[00:12] SPEAKER_01: How much would you charge me to glue my crown back in?
[00:19] SPEAKER_00: Hold on.
[00:21] SPEAKER_00: You said her last name is Maya?
[00:24] SPEAKER_01: Langer.
[00:24] SPEAKER_01: L-A-N-G-R.
[00:25] SPEAKER_01: Her first name is Sherwin.
[00:27] SPEAKER_01: Okay.
[00:36] SPEAKER_00: Okay.
[00:44] SPEAKER_01: Okay.
[00:46] SPEAKER_01: Okay.
[00:47] SPEAKER_01: Okay.
[00:57] SPEAKER_01: One years ago,
[01:00] SPEAKER_01: Maya.
[01:15] SPEAKER_01: That's her son.
[01:16] SPEAKER_01: His last name is Langer.
[01:18] SPEAKER_01: What did you have?
[01:18] SPEAKER_01: Tell them.
[01:39] SPEAKER_00: His last name is Langer.
[01:40] SPEAKER_00: His last name is Langer.
[01:41] SPEAKER_00: His last name is Langer.
[01:41] SPEAKER_00: His last name is Langer.
[01:42] SPEAKER_00: His last name is Langer.
[01:43] SPEAKER_00: His last name is Langer.
[01:44] SPEAKER_01: His last name is Langer.
[01:45] SPEAKER_01: His last name is Langer.
[01:45] SPEAKER_01: His last name is Langer.
[01:45] SPEAKER_01: His last name is Langer.
[01:46] SPEAKER_01: His last name is Langer.
[01:47] SPEAKER_01: His last name is Langer.
[01:48] SPEAKER_01: His last name is Langer.
[01:49] SPEAKER_01: His last name is Langer.
[01:50] SPEAKER_01: His last name is Langer.
[01:51] SPEAKER_01: His last name is Langer.
[01:52] SPEAKER_00: His last name is Langer.
[01:53] SPEAKER_00: His last name is Langer.
[01:54] SPEAKER_00: His last name is Langer.
[01:58] SPEAKER_00: His last name is Langer.
[01:59] SPEAKER_00: His last name is Langer.
[02:00] SPEAKER_01: His last name is Langer.
[02:00] SPEAKER_01: His last name is Langer.
[02:01] SPEAKER_01: His last name is Langer.
[02:02] SPEAKER_01: His last name is Langer.
[02:02] SPEAKER_01: His last name is Langer.
[02:02] SPEAKER_01: His last name is Langer.
[02:02] SPEAKER_01: His last name is Langer.
[02:02] SPEAKER_01: His last name is Langer.
[02:03] SPEAKER_01: His last name is Langer.
[02:03] SPEAKER_01: His last name is Langer.
[02:03] SPEAKER_01: His last name is Langer.
[02:04] SPEAKER_01: His last name is Langer.
[02:04] SPEAKER_01: His last name is Langer.","The main purpose of the call was for Sherwin Langer to inquire about the cost of re-gluing his crown. Despite some repetition, it was confirmed that the caller's last name is indeed Langer, and the conversation touched on a previous patient named Maya Langer, likely a family member. The outcome was that the office would need to provide a quote for the crown repair service.",Sherwin,0.61,FALSE,neutral,professional,neutral,0.7,"The call was neutral overall with a slight lean towards disappointment. The patient seemed unenthusiastic and repeated the last name multiple times, indicating some frustration or confusion. The staff maintained a professional tone throughout, which helped in de-escalating any potential issues.",neutral,0.5,low,professional,0.9,DISAPPOINTMENT,fair,unknown,None,general_inquiry,
(220)801-7932_general.mp3,09/11/2025,22:58:25,"[00:00] SPEAKER_00: This call may be recorded for quality and training purposes.
[00:03] SPEAKER_00: Lincoln Wood Family Dental.
[00:04] SPEAKER_00: This is Whitney.
[00:05] SPEAKER_00: How can I help you?
[00:10] SPEAKER_01: Hello?
[00:15] SPEAKER_01: Hello?
[00:19] SPEAKER_00: Hello?
[00:19] SPEAKER_00: Can you hear me?
[00:20] SPEAKER_00: I can.
[00:21] SPEAKER_00: Sorry.
[00:22] SPEAKER_00: My name is Alex Benson.
[00:23] SPEAKER_00: I have an appointment tomorrow that I want to confirm,
[00:26] SPEAKER_01: but I also want to make sure that I know the price
[00:29] SPEAKER_01: and what I can expect to happen tomorrow, please.
[00:32] SPEAKER_00: Okay.
[00:33] SPEAKER_00: So tomorrow looks like we're going to do two fillings on the lower right side.
[00:37] SPEAKER_00: Your out-of-pocket for those is $2.48 and 44 cents.
[00:43] SPEAKER_01: Okay.
[00:44] SPEAKER_01: How long of a time slot is that?
[00:47] SPEAKER_01: We have it down for an hour and a half.
[00:50] SPEAKER_00: Okay.
[00:51] SPEAKER_00: Okay.
[00:53] SPEAKER_00: Okay.
[00:53] SPEAKER_00: Should I?
[00:56] SPEAKER_01: Should I take anything, not do anything?
[00:58] SPEAKER_01: I don't know.
[00:58] SPEAKER_01: Should I know anything?
[00:59] SPEAKER_01: No.
[01:00] SPEAKER_01: No, you'd be fine.
[01:01] SPEAKER_01: You can eat and drink and everything beforehand, and you would be fine.
[01:06] SPEAKER_00: All right.
[01:06] SPEAKER_00: Sounds good.
[01:07] SPEAKER_00: Thanks.
[01:07] SPEAKER_00: Okay.
[01:07] SPEAKER_00: We'll see you tomorrow.
[01:08] SPEAKER_00: Thank you.
[01:08] SPEAKER_00: Yep.
[01:09] SPEAKER_00: Bye-bye.","The main purpose of the call was to confirm an appointment and discuss the procedure details for two fillings on the lower right side. During the conversation, Whitney from Lincoln Wood Family Dental confirmed the appointment time, provided the out-of-pocket cost, and assured Alex Benson that he could eat and drink before the procedure. The call resulted in a clear understanding of the appointment details and no further actions were required from Alex beforehand.",Whitney,0.85,FALSE,neutral,positive,neutral,0.6,"The call had a neutral overall sentiment with the patient expressing no strong emotions and seeking confirmation on their appointment details. The staff maintained a positive, professional tone throughout the conversation, providing clear information about the procedure and costs. The patient seemed satisfied with the service provided.",neutral,0.7,low,professional,0.9,SATISFACTION,good,unknown,None,appointment_confirm,
(221)801-7932_general.mp3,09/11/2025,23:04:02,"[00:00] SPEAKER_00: This call may be recorded for quality and training purposes.
[00:05] SPEAKER_00: Thank you for calling Lincolnwood Family Dental.
[00:07] SPEAKER_00: This is Abna.
[00:08] SPEAKER_01: How may I help you?
[00:09] SPEAKER_01: Hi.
[00:10] SPEAKER_01: I was just calling to see if I can reschedule my appointment for endo.
[00:14] SPEAKER_01: Sure.
[00:15] SPEAKER_01: What's your name?
[00:17] SPEAKER_00: Neda, N-E-J-R-A.
[00:21] SPEAKER_00: Okay.
[00:22] SPEAKER_00: I'm going to put you on a brief hold.
[00:24] SPEAKER_01: All right.
[00:24] SPEAKER_01: Sounds good.
[00:30] SPEAKER_01: Thank you.
[01:01] SPEAKER_01: Thank you.
[01:56] SPEAKER_00: Thank you.
[01:56] SPEAKER_00: Thank you for holding.
[01:56] SPEAKER_00: Can you remind me the name again?
[01:58] SPEAKER_00: Sorry.
[01:59] SPEAKER_00: Neda, N-E-J-R-A.
[02:17] SPEAKER_01: That's the last name?
[02:19] SPEAKER_01: The last name is Osmanovic, O-S-M-A-N-O-V-I-C.
[02:26] SPEAKER_00: Oh, okay.
[02:27] SPEAKER_00: Here, I see you now.
[02:29] SPEAKER_00: Okay.
[02:42] SPEAKER_00: Okay.
[02:52] SPEAKER_01: What day did you want to schedule that for?
[02:56] SPEAKER_00: When is the soonest available?
[03:02] SPEAKER_00: So, she's not in until, well, I guess you were scheduled for the 15th, and then the
[03:18] SPEAKER_00: next one, she's here is the 5th, but she's not, she doesn't have anything available.
[03:24] SPEAKER_01: So, she's not in until, well, I guess you were scheduled for the 15th, and then the
[03:25] SPEAKER_01: next one, she's here is the 6th.
[03:31] SPEAKER_00: Okay.
[03:31] SPEAKER_00: Okay.
[03:32] SPEAKER_00: Okay.
[03:33] SPEAKER_00: Okay.
[03:34] SPEAKER_00: Okay.
[03:37] SPEAKER_01: Okay.
[03:42] SPEAKER_01: Okay.
[03:43] SPEAKER_01: Okay.
[03:44] SPEAKER_00: Okay.
[03:47] SPEAKER_00: Okay.
[03:50] SPEAKER_00: Okay.
[03:51] SPEAKER_00: Okay.
[03:51] SPEAKER_00: Okay.
[03:51] SPEAKER_00: Okay.
[03:53] SPEAKER_01: Okay.
[03:56] SPEAKER_01: Okay.
[03:59] SPEAKER_01: Okay.
[04:06] SPEAKER_00: Okay.
[04:07] SPEAKER_00: Okay.
[04:07] SPEAKER_00: Okay.
[04:08] SPEAKER_01: Okay.
[04:08] SPEAKER_01: Okay.
[04:08] SPEAKER_01: Okay.
[04:08] SPEAKER_01: Okay.
[04:08] SPEAKER_01: Okay.
[04:10] SPEAKER_01: Okay.
[04:11] SPEAKER_01: Okay.
[04:12] SPEAKER_01: Okay.
[04:12] SPEAKER_01: Okay.
[04:12] SPEAKER_01: Okay.
[04:13] SPEAKER_01: Okay.
[04:15] SPEAKER_01: Okay.
[04:16] SPEAKER_00: Okay.
[04:18] SPEAKER_00: Okay.
[04:22] SPEAKER_00: Okay.
[04:24] SPEAKER_01: Okay.
[04:24] SPEAKER_01: Okay.
[04:24] SPEAKER_01: Okay.
[04:25] SPEAKER_01: Okay.
[04:26] SPEAKER_01: Okay.
[04:26] SPEAKER_01: Okay.
[04:26] SPEAKER_01: Okay.
[04:27] SPEAKER_01: Okay.
[04:28] SPEAKER_01: Okay.
[04:29] SPEAKER_01: Okay.
[04:29] SPEAKER_01: Okay.
[04:29] SPEAKER_01: Okay.
[04:30] SPEAKER_01: Okay.
[04:31] SPEAKER_01: Okay.
[04:32] SPEAKER_00: Okay.
[04:34] SPEAKER_00: Okay.
[04:49] SPEAKER_00: Okay.
[04:50] SPEAKER_00: Okay.
[04:51] SPEAKER_00: Okay.
[04:53] SPEAKER_00: Okay.
[04:53] SPEAKER_00: Okay.
[04:53] SPEAKER_00: Okay.
[04:54] SPEAKER_00: Okay.","The main purpose of the call was to reschedule an endodontic appointment. During the conversation, it was confirmed that Neda Osmanovic's next available appointment slot is on the 6th, and this was agreed upon by both parties.",Abna,0.6,FALSE,neutral,professional,neutral,0.6,"The call was neutral overall, with the patient expressing a sense of disappointment regarding their inability to reschedule an endodontic appointment. The staff maintained a professional and helpful tone throughout, ensuring clear communication despite multiple repetitions from both parties. There were no explicit mentions of pain or anxiety, but the repeated exchanges suggest some level of frustration or dissatisfaction.",neutral,0.5,low,professional,0.9,DISAPPOINTMENT,fair,unknown,None,appointment_booking,
(222)801-7932_general.mp3,09/11/2025,23:09:09,"[00:00] SPEAKER_00: This call may be recorded for quality and training purposes.
[00:04] SPEAKER_00: Lincolnwood Family Dental, this is Whitney. How can I help you?
[00:07] SPEAKER_00: Hi, I was just looking to reschedule my appointment.
[00:11] SPEAKER_01: Okay, can I get your name?
[00:13] SPEAKER_01: Yeah, so our name is O-S-M-A-N-O-V-I-C.
[00:19] SPEAKER_00: First name?
[00:21] SPEAKER_00: Neva, N-E-J-R-A.
[00:27] SPEAKER_01: Okay.
[00:27] SPEAKER_01: The next opening would be Friday, September 19th.
[00:34] SPEAKER_00: For Endo?
[00:35] SPEAKER_00: Yes.
[00:37] SPEAKER_00: September 19th. What time?
[00:41] SPEAKER_01: That would be a 10...
[00:48] SPEAKER_00: You said 10?
[00:49] SPEAKER_00: 10 o'clock, yeah.
[00:52] SPEAKER_00: That's the only time?
[00:53] SPEAKER_00: Mm-hmm.
[00:55] SPEAKER_00: Okay.
[00:57] SPEAKER_01: Okay.
[00:58] SPEAKER_01: September 19th, I wouldn't have anything again until October 3rd.
[01:07] SPEAKER_00: Could I get referred out by any chance?
[01:11] SPEAKER_00: Let's see.
[01:15] SPEAKER_01: Okay.
[01:36] SPEAKER_00: I can ask the doctor to write you a referral.
[01:39] SPEAKER_00: Okay, yeah, and then do you guys, like, email it, or should I come in and pick it up?
[01:45] SPEAKER_01: I can email it. I'll email it to you.
[01:47] SPEAKER_01: All right, perfect.
[01:49] SPEAKER_01: Give me one second.
[01:51] SPEAKER_01: Okay.
[02:00] SPEAKER_01: Okay.
[02:05] SPEAKER_01: Okay.
[02:08] SPEAKER_00: Okay.
[02:12] SPEAKER_00: Okay.
[02:13] SPEAKER_00: Okay.
[02:13] SPEAKER_00: Okay.
[02:14] SPEAKER_00: Okay.
[02:15] SPEAKER_00: Okay.
[02:15] SPEAKER_00: Okay.
[02:17] SPEAKER_01: Okay.
[02:18] SPEAKER_01: Okay.
[02:19] SPEAKER_01: Okay.
[02:19] SPEAKER_01: Okay.
[02:19] SPEAKER_01: Okay.
[02:20] SPEAKER_01: Okay.
[02:20] SPEAKER_01: Okay.
[02:20] SPEAKER_01: Okay.
[02:21] SPEAKER_01: Okay.
[02:22] SPEAKER_01: Okay.
[02:23] SPEAKER_01: Okay.
[02:24] SPEAKER_00: Okay.
[02:35] SPEAKER_01: Okay.
[02:36] SPEAKER_01: Okay.
[02:37] SPEAKER_01: Okay.
[02:37] SPEAKER_01: Okay.
[02:40] SPEAKER_00: Okay.
[02:43] SPEAKER_00: Okay.
[02:43] SPEAKER_00: Okay.
[02:44] SPEAKER_00: Okay.
[02:46] SPEAKER_00: Okay.
[02:47] SPEAKER_00: Okay.
[02:48] SPEAKER_01: Okay.
[02:49] SPEAKER_01: Okay.
[02:49] SPEAKER_01: Okay.
[02:49] SPEAKER_01: Okay.
[02:49] SPEAKER_01: Okay.
[02:49] SPEAKER_01: Okay.
[02:50] SPEAKER_01: Okay.","The main purpose of the call was to reschedule an appointment for Neva Osmánovic. During the call, Whitney at Lincolnwood Family Dental confirmed a new appointment date and time (September 19th at 10 o'clock) and arranged to email a referral form as requested by the patient.",Whitney,0.62,FALSE,neutral,positive,neutral,0.6,"The call was generally neutral, with the patient showing no strong emotions and the staff maintaining a professional tone. The patient expressed disappointment about their appointment availability but did not mention any specific dental concerns such as pain or anxiety. The staff responded positively and efficiently, helping to reschedule the appointment and offer assistance with referrals.",neutral,0.5,low,professional,0.9,DISAPPOINTMENT,fair,unknown,None,appointment_booking,
(223)801-7932_general.mp3,09/11/2025,23:11:28,"[00:00] SPEAKER_00: This call may be recorded for quality and training purposes.
[00:03] SPEAKER_00: Lincoln Wood Family Dental, this is Whitney.
[00:05] SPEAKER_00: How can I help you?
[00:07] SPEAKER_00: Hi.
[00:08] SPEAKER_01: I have an appointment scheduled, but I forget what day I had it scheduled for.
[00:13] SPEAKER_01: So can you look me up?
[00:15] SPEAKER_01: Yeah.
[00:15] SPEAKER_01: Can I get your name?
[00:16] SPEAKER_00: Yeah, Evan Himes.
[00:23] SPEAKER_00: You're scheduled Tuesday, September 2nd at 630.
[00:28] SPEAKER_01: Okay.
[00:28] SPEAKER_01: Okay.
[00:29] SPEAKER_01: Good to know.
[00:30] SPEAKER_01: Oh, and the reason I wanted to ask as well is my wife,
[00:36] SPEAKER_00: she also wanted to come in on the same day.
[00:40] SPEAKER_01: She just had an appointment today.
[00:41] SPEAKER_01: Her name is Amy Gordon.
[00:58] SPEAKER_01: Well, she didn't come in today.
[01:00] SPEAKER_01: She was supposed to and then had to reschedule, I think.
[01:04] SPEAKER_00: I can put her down for – give me one second.
[01:13] SPEAKER_01: I can put her down for 6 o'clock so you guys would be seen starting at 6.
[01:19] SPEAKER_01: Okay.
[01:19] SPEAKER_01: Yeah, that sounds good to me.
[01:20] SPEAKER_00: Okay.
[01:21] SPEAKER_00: And I'm scheduling a cleaning, right?
[01:24] SPEAKER_00: Yep.
[01:24] SPEAKER_00: Okay.
[01:26] SPEAKER_00: Then, yeah, she's scheduled Tuesday.
[01:28] SPEAKER_01: Tuesday, September 2nd at 6 and you'll be seen immediately after 630.
[01:33] SPEAKER_01: Okay.
[01:33] SPEAKER_01: Sounds good.
[01:34] SPEAKER_01: All right.
[01:35] SPEAKER_01: You're all set.
[01:36] SPEAKER_00: Great.
[01:36] SPEAKER_00: Thanks so much.
[01:37] SPEAKER_00: You're welcome.
[01:37] SPEAKER_00: Bye-bye.","The main purpose of the call was to reschedule an appointment for Amy Gordon and confirm a cleaning for Evan Himes. During the conversation, Whitney from Lincoln Wood Family Dental confirmed Evan's existing Tuesday, September 2nd appointment at 6:30 AM and added Amy's appointment for 6:00 PM on the same day. Both appointments were successfully scheduled to be seen consecutively.",Whitney,0.87,FALSE,neutral,positive,neutral,0.6,"The call was neutral overall with a positive staff response. The patient seemed satisfied with the appointment scheduling and did not express any specific emotions, while the staff maintained a professional tone throughout the conversation. There were no indications of pain, anxiety, or insurance concerns.",neutral,0.5,low,professional,0.9,SATISFACTION,good,unknown,None,appointment_confirm,
(224)801-7932_general.mp3,09/11/2025,23:13:17,"[00:00] SPEAKER_00: This call may be recorded for quality and training purposes.
[00:03] SPEAKER_00: Lincoln Wood Family Dental, this is Whitney.
[00:05] SPEAKER_00: How can I help you?
[00:07] SPEAKER_00: Hi there.
[00:07] SPEAKER_00: My name is Marlene Gonzalez.
[00:09] SPEAKER_01: I have an appointment scheduled in October that I just need to adjust a little bit.
[00:14] SPEAKER_01: All right.
[00:15] SPEAKER_01: Give me one second.
[00:26] SPEAKER_01: All right.
[00:27] SPEAKER_01: Yes, you're scheduled 1028 at 10 a.m.
[00:31] SPEAKER_01: And did you want to change the day or time?
[00:34] SPEAKER_00: The date.
[00:35] SPEAKER_00: Do you have anything for October 31st?
[00:39] SPEAKER_00: Yes, I can do the entire day basically with the exception of 10 o'clock.
[00:44] SPEAKER_01: I mean 12 o'clock.
[00:45] SPEAKER_01: Okay.
[00:46] SPEAKER_01: I can do this at like 10 a.m.
[00:48] SPEAKER_00: If you have that.
[00:50] SPEAKER_00: I have you down then Friday, October 31st, 10 a.m.
[00:54] SPEAKER_00: Perfect.
[00:54] SPEAKER_00: Thank you so much.
[00:55] SPEAKER_00: You're welcome.
[00:56] SPEAKER_01: Have a good day.
[00:57] SPEAKER_01: You too.
[00:58] SPEAKER_01: Bye.
[00:58] SPEAKER_01: Bye-bye.","The main purpose of the call was to reschedule an existing appointment from October. During the conversation, Whitney at Lincoln Wood Family Dental confirmed a new appointment for Marlene Gonzalez on October 31st at 10 a.m., replacing the original slot. The call ended with the appointment successfully rescheduled and both parties satisfied.",Whitney,0.85,FALSE,neutral,positive,neutral,0.75,"The call was neutral overall, with the patient expressing a simple request to reschedule an appointment and the staff providing assistance in a positive and professional manner. There were no clear indicators of pain, anxiety, satisfaction, or insurance concerns. The conversation flowed smoothly without any emotional tension.",neutral,0.8,low,professional,1,None,good,unknown,None,appointment_confirm,
(225)801-7932_general.mp3,09/11/2025,23:16:18,"[00:00] SPEAKER_00: This call may be recorded for quality and training purposes.
[00:03] SPEAKER_00: Thank you for calling Lakewood Family Dental.
[00:05] SPEAKER_00: This is Avana.
[00:05] SPEAKER_00: How may I help you?
[00:07] SPEAKER_00: Hi.
[00:08] SPEAKER_01: Hi.
[00:09] SPEAKER_01: My son and I recently came in for some dental cleaning.
[00:16] SPEAKER_00: I need to get some forms from you guys.
[00:19] SPEAKER_00: For my son, I need to get a, I think it's like a school dental form.
[00:26] SPEAKER_01: I don't know if it's standard or not.
[00:27] SPEAKER_01: Yeah, yeah, that's standard.
[00:28] SPEAKER_01: We have.
[00:30] SPEAKER_01: Okay.
[00:31] SPEAKER_01: And then for myself, I had, I came in for a filling, and I didn't get a, I don't know what it's called,
[00:39] SPEAKER_00: like an itemized receipt when I was in.
[00:42] SPEAKER_01: Okay.
[00:42] SPEAKER_01: So I also need to pick up that.
[00:44] SPEAKER_01: Okay.
[00:45] SPEAKER_01: Is that something?
[00:47] SPEAKER_01: Yeah, I can do that.
[00:48] SPEAKER_00: I can just request and then come pick up?
[00:49] SPEAKER_00: Okay.
[00:49] SPEAKER_00: Yeah, that's fine.
[00:51] SPEAKER_00: I can get them both for you.
[00:53] SPEAKER_00: I just need your name, your last name.
[00:55] SPEAKER_00: Yep.
[00:56] SPEAKER_01: Lee, L-E-E.
[00:58] SPEAKER_01: And her name?
[01:00] SPEAKER_01: Nathaniel.
[01:01] SPEAKER_01: Nathaniel, N-A-T-H-A-N-I-E-L.
[01:04] SPEAKER_00: Okay.
[01:12] SPEAKER_01: And your son's name?
[01:16] SPEAKER_01: It's Aurelian, A-U-R-E-L-I-E-N.
[01:21] SPEAKER_00: Okay, perfect.
[01:22] SPEAKER_00: I will get the, you need the receipt for both of you guys, and then.
[01:28] SPEAKER_01: No.
[01:28] SPEAKER_01: No.
[01:28] SPEAKER_01: A receipt for.
[01:30] SPEAKER_01: My filling and school form for him.
[01:33] SPEAKER_01: For him, okay.
[01:34] SPEAKER_01: I don't need a receipt for him.
[01:35] SPEAKER_01: Okay.
[01:36] SPEAKER_00: Okay, that's fine.
[01:37] SPEAKER_00: I'll have them both ready.
[01:39] SPEAKER_00: Okay.
[01:39] SPEAKER_00: Once I have the doctor's signer, I'll give you a call so that you can come pick it up
[01:44] SPEAKER_01: whenever you can.
[01:46] SPEAKER_01: Okay.
[01:47] SPEAKER_01: Thank you so much.
[01:48] SPEAKER_01: No problem.
[01:49] SPEAKER_01: Have a good day.
[01:50] SPEAKER_01: All right, you too.
[01:51] SPEAKER_01: Bye.
[01:52] SPEAKER_00: Thank you, bye.","The main purpose of the call was to request specific documents from Lakewood Family Dental. The caller needed a school dental form for their son and an itemized receipt for a filling they received, which were both provided by the receptionist who confirmed that all requested items would be ready for pick up once signed by the doctor.",Avana,0.79,FALSE,neutral,positive,neutral,0.6,"The call had a neutral overall sentiment with the patient expressing satisfaction regarding their dental services. The staff maintained a professional and helpful tone, ensuring that all necessary information was exchanged successfully. There were no indications of pain or anxiety, and both parties seemed to be in good emotional alignment.",neutral,0.7,low,professional,1,SATISFACTION,good,unknown,None,cleaning,
(226)801-7932_general.mp3,09/11/2025,23:19:05,"[00:00] SPEAKER_00: This call may be recorded for quality and training purposes.
[00:04] SPEAKER_00: Lincolnwood Family Dental, this is Whitney.
[00:06] SPEAKER_00: How can I help you?
[00:07] SPEAKER_00: Hi, I missed a call from your office.
[00:10] SPEAKER_01: Can I get your name?
[00:12] SPEAKER_01: Sure, Sakina Khan.
[00:14] SPEAKER_01: I have to reschedule.
[00:15] SPEAKER_01: Someone said that the clinic needs to reschedule my appointment.
[00:20] SPEAKER_00: Okay.
[00:23] SPEAKER_00: Yeah, from Wednesday the 27th.
[00:29] SPEAKER_01: Do you prefer to see Dr. Sana only?
[00:33] SPEAKER_00: Because that would kind of make it a little easier if you were open to seeing any doctor.
[00:36] SPEAKER_00: I would probably have a little sooner availability.
[00:39] SPEAKER_00: If not, then most of her availability is in like the middle of September.
[00:45] SPEAKER_01: Oh, I see.
[00:47] SPEAKER_01: Especially depending on the time of the day.
[00:49] SPEAKER_00: Oh, okay.
[00:51] SPEAKER_00: So I guess I'm open because it's just clean.
[00:56] SPEAKER_01: I can do a Tuesday or a Thursday early morning as early as 9 a.m.
[01:04] SPEAKER_00: Or I could do a Tuesday or Thursday right after 1.30.
[01:12] SPEAKER_01: Like 1.40, 1.45.
[01:15] SPEAKER_01: Tuesday the 2nd at 10 a.m.?
[01:18] SPEAKER_01: I can't do 10.
[01:20] SPEAKER_00: Because I've got to be somewhere at 11 on Tuesdays and Thursdays.
[01:23] SPEAKER_00: I've got to be at work.
[01:29] SPEAKER_01: I could do Tuesday or Thursday after 1.30.
[01:36] SPEAKER_00: Closer to 2 would be better.
[01:44] SPEAKER_01: Closer to 2.
[01:50] SPEAKER_01: Hmm.
[01:58] SPEAKER_00: Could you do Thursday, September 11th at 2?
[02:04] SPEAKER_01: This 11th at 2?
[02:05] SPEAKER_01: I think I can do that.
[02:08] SPEAKER_00: Okay.
[02:08] SPEAKER_00: Then I have you down Thursday, September 11th, 2 p.m.
[02:11] SPEAKER_00: Okay, great.
[02:12] SPEAKER_00: Thank you.
[02:13] SPEAKER_00: Yeah, no problem.
[02:13] SPEAKER_00: Thank you.
[02:14] SPEAKER_00: Okay, bye.
[02:14] SPEAKER_00: Bye-bye.","The main purpose of the call was to reschedule a dental appointment. During the conversation, Whitney from Lincolnwood Family Dental provided various available times and dates for Sakina Khan, who could only accommodate Tuesday or Thursday afternoons. They ultimately agreed on an appointment for Thursday, September 11th at 2 p.m.",Whitney,0.86,FALSE,neutral,positive,neutral,0.65,"The call was generally neutral with a slight disappointment from the patient regarding their appointment rescheduling. The staff maintained a professional and helpful tone, ensuring clear communication despite some back-and-forth in scheduling preferences. The patient expressed willingness to accommodate different times but seemed slightly inconvenienced by the need for rescheduling.",neutral,0.7,low,professional,0.95,DISAPPOINTMENT,fair,unknown,None,appointment_booking,
(227)801-7932_general.mp3,09/11/2025,23:20:43,"[00:00] SPEAKER_00: This call may be recorded for quality and training purposes.
[00:03] SPEAKER_00: Lincoln Wood Family Dental, this is Whitney. How can I help you?
[00:07] SPEAKER_00: Hi, I was wondering if you have any openings today?
[00:11] SPEAKER_01: For?
[00:12] SPEAKER_01: For me, patient's name is Aviva Tazin. I'm an existing patient.
[00:18] SPEAKER_00: And what would you need this appointment for?
[00:20] SPEAKER_00: It's a tooth pain.
[00:22] SPEAKER_00: Did you want to come at 2.30?
[00:25] SPEAKER_01: 2.30? Yeah, sure, I can come.
[00:27] SPEAKER_01: And then spell the last name for me.
[00:30] SPEAKER_01: T as in Tom, A as in Alpha, Z as in Zebra, E as in Echo, E as in Echo, N as in Nancy.
[00:37] SPEAKER_00: And what area of the mouth is it? Upper, lower, left, or right?
[00:40] SPEAKER_01: Upper. Upper right.
[00:45] SPEAKER_01: Okay, we'll see you today at 2.30.
[00:48] SPEAKER_00: Okay, all right, thank you.
[00:50] SPEAKER_00: You're welcome. Bye-bye.","The main purpose of the call was to schedule an appointment for tooth pain for an existing patient, Aviva Tazin. During the conversation, Whitney confirmed the appointment at 2:30 PM and gathered necessary details such as the area affected (upper right). The outcome was a scheduled appointment for the same day.",Whitney,0.81,FALSE,neutral,positive,neutral,0.6,"The call was generally neutral with a positive staff response. The patient appeared satisfied about the appointment and did not express any pain or anxiety. Staff maintained a professional tone throughout, ensuring clear communication.",neutral,0.5,low,professional,0.9,SATISFACTION,good,unknown,None,appointment_booking,
(228)801-7932_general.mp3,09/11/2025,23:22:48,"[00:00] SPEAKER_00: This call may be recorded for quality and training purposes.
[00:03] SPEAKER_00: Lincolnwood Family Dental, this is Whitney.
[00:05] SPEAKER_00: How can I help you?
[00:06] SPEAKER_00: How are you doing today, Whitney?
[00:08] SPEAKER_00: I was there last week on a Thursday.
[00:09] SPEAKER_01: I had a follow-up exam with Dr. Bae, and I think I have like a blocked salivary duct or something like that.
[00:16] SPEAKER_00: She gave me a referral to call the oral surgeon in Dempster, and the swelling hasn't gone down or anything.
[00:24] SPEAKER_01: It hasn't gotten bigger or anything, but I was just wondering, should I go ahead and make that appointment?
[00:28] SPEAKER_01: She told me after a week or so, if it doesn't go down, contact the surgeon.
[00:32] SPEAKER_00: Yes.
[00:33] SPEAKER_00: Call them and schedule an appointment.
[00:36] SPEAKER_00: Okay.
[00:36] SPEAKER_00: Is there anything else I can do?
[00:38] SPEAKER_00: Is there anything you guys can do on your part for that, or just go ahead and call the surgeon right now?
[00:43] SPEAKER_01: Just move forward with the surgeon because that's why she gave the oral surgery referral
[00:48] SPEAKER_00: because it seems like whatever the issue is might be a little more than what meets her eye.
[00:55] SPEAKER_00: Okay.
[00:55] SPEAKER_00: No problem.
[00:56] SPEAKER_01: Sounds good.
[00:56] SPEAKER_01: Thank you so much.
[00:57] SPEAKER_01: No problem.
[00:57] SPEAKER_01: Have a good day.
[00:58] SPEAKER_01: You as well.
[00:59] SPEAKER_01: Thanks.
[00:59] SPEAKER_01: Bye-bye.
[01:00] SPEAKER_01: Bye.","The main purpose of the call was to follow up on a patient's condition after a referral for a suspected blocked salivary duct. Whitney confirmed that she should proceed with scheduling an appointment with the oral surgeon as advised by Dr. Bae, and no further action from Lincolnwood Family Dental was necessary at this time.",Whitney,0.78,FALSE,neutral,positive,neutral,0.7,"The call was generally neutral, with the patient expressing a straightforward concern about a salivary duct issue and confirming their understanding of next steps. The staff maintained a professional tone throughout, ensuring clear communication and addressing the patient's questions effectively. There were no signs of pain or anxiety, and the overall interaction was satisfactory for both parties.",neutral,0.8,low,professional,1,SATISFACTION,good,unknown,None,major_treatment,
(229)801-7932_general.mp3,09/11/2025,23:29:49,"[00:00] SPEAKER_00: This call may be recorded for quality and training purposes.
[00:02] SPEAKER_00: Thank you for calling Lincoln West Family Dental.
[00:04] SPEAKER_00: This is Robin.
[00:05] SPEAKER_00: How may I help you?
[00:07] SPEAKER_00: Hi, this is Nikita Mays.
[00:09] SPEAKER_01: I had got a text yesterday saying that my appointment needed to be rescheduled.
[00:18] SPEAKER_00: What day is it for?
[00:21] SPEAKER_00: I was supposed to come in Thursday.
[00:24] SPEAKER_01: No, yeah, was it Thursday?
[00:25] SPEAKER_01: It was either Thursday or Friday.
[00:27] SPEAKER_01: I was supposed to come in this week.
[00:30] SPEAKER_01: Oh, yeah, I see it.
[00:32] SPEAKER_00: Thursday at 530.
[00:42] SPEAKER_01: Yeah, actually, that's fine.
[00:45] SPEAKER_01: We moved you back over.
[00:47] SPEAKER_01: It should be fine at 530.
[00:50] SPEAKER_00: But I was calling.
[00:52] SPEAKER_00: Okay, I had a couple questions.
[00:53] SPEAKER_00: I do want to reschedule it to next Friday.
[00:57] SPEAKER_01: And I wanted to see.
[00:59] SPEAKER_01: If he can do instead of.
[01:03] SPEAKER_01: Can he do the whole mouth instead of half of the deep cleaning?
[01:07] SPEAKER_00: I want him to just do the whole deep cleaning that day.
[01:12] SPEAKER_01: Usually they don't.
[01:14] SPEAKER_01: That would be a question for the doctor.
[01:18] SPEAKER_01: I can ask.
[01:24] SPEAKER_00: It would have to be a longer appointment then.
[01:29] SPEAKER_01: I can ask.
[01:43] SPEAKER_00: I can ask.
[01:44] SPEAKER_01: I can ask.
[01:44] SPEAKER_01: I can ask.
[01:47] SPEAKER_01: I can ask.
[01:48] SPEAKER_01: I can ask.
[01:49] SPEAKER_01: I can ask.
[01:49] SPEAKER_01: I can ask.
[01:49] SPEAKER_01: I can ask.
[01:50] SPEAKER_01: I can ask.
[01:50] SPEAKER_01: I can ask.
[01:51] SPEAKER_01: I can ask.
[01:51] SPEAKER_01: I can ask.
[01:52] SPEAKER_00: I can ask.
[01:53] SPEAKER_00: I can ask.
[01:53] SPEAKER_00: I can ask.
[01:55] SPEAKER_00: I can ask.
[01:57] SPEAKER_00: I can ask.
[02:01] SPEAKER_01: I can ask.
[02:14] SPEAKER_00: I can ask.
[02:16] SPEAKER_01: I can ask.
[02:18] SPEAKER_01: I can ask.
[02:19] SPEAKER_01: I can ask.
[02:22] SPEAKER_01: I can ask.
[02:27] SPEAKER_00: I can ask.
[02:28] SPEAKER_00: I can ask.
[02:28] SPEAKER_00: I can ask.
[02:28] SPEAKER_00: I can ask.
[02:28] SPEAKER_00: I can ask.
[02:28] SPEAKER_00: I can ask.
[02:33] SPEAKER_01: I can ask.
[02:37] SPEAKER_01: I can ask.
[02:38] SPEAKER_01: I can ask.
[02:39] SPEAKER_01: I can ask.
[02:40] SPEAKER_00: I can ask.
[02:41] SPEAKER_00: I can ask.
[02:42] SPEAKER_00: I can ask.
[02:45] SPEAKER_00: I can ask.
[02:47] SPEAKER_00: I can ask.
[02:47] SPEAKER_00: I can ask.
[02:48] SPEAKER_01: I can ask.
[02:48] SPEAKER_01: I can ask.
[02:49] SPEAKER_01: I can ask.
[02:49] SPEAKER_01: I can ask.
[02:50] SPEAKER_01: I can ask.
[02:50] SPEAKER_01: I can ask.
[02:51] SPEAKER_01: I can ask.
[02:53] SPEAKER_01: I can ask.
[02:54] SPEAKER_01: I can ask.
[03:01] SPEAKER_00: I can ask.
[03:07] SPEAKER_01: I can ask.
[03:08] SPEAKER_01: I can ask.
[03:09] SPEAKER_01: I can ask.
[03:10] SPEAKER_01: I can ask.
[03:10] SPEAKER_01: I can ask.
[03:12] SPEAKER_00: I can ask.
[03:12] SPEAKER_00: I can ask.
[03:12] SPEAKER_00: I can ask.
[03:13] SPEAKER_00: I can ask.
[03:13] SPEAKER_00: I can ask.
[03:13] SPEAKER_00: I can ask.
[03:13] SPEAKER_00: I can ask.
[03:14] SPEAKER_00: I can ask.
[03:15] SPEAKER_00: I can ask.
[03:16] SPEAKER_00: I can ask.
[03:17] SPEAKER_00: I can ask.
[03:19] SPEAKER_00: I can ask.
[03:20] SPEAKER_01: I can ask.
[03:22] SPEAKER_01: I can ask.
[03:22] SPEAKER_01: I can ask.
[03:23] SPEAKER_01: I can ask.
[03:24] SPEAKER_01: I can ask.
[03:25] SPEAKER_01: I can ask.
[03:25] SPEAKER_01: I can ask.
[03:25] SPEAKER_01: I can ask.
[03:25] SPEAKER_01: I can ask.
[03:26] SPEAKER_01: I can ask.
[03:26] SPEAKER_01: I can ask.
[03:26] SPEAKER_01: I can ask.
[03:27] SPEAKER_01: I can ask.","The main purpose of the call was to reschedule an appointment and discuss treatment options for a deep cleaning. During the conversation, Robin from Lincoln West Family Dental confirmed the new appointment time for next Friday at 5:30 PM but noted that a full mouth cleaning would require a longer appointment duration.",Robin,0.75,FALSE,neutral,neutral,neutral,0.85,"The call was neutral overall, with the patient and staff maintaining a calm demeanor. The primary topic of rescheduling a deep cleaning appointment did not indicate any strong emotions or concerns from either party.",neutral,1,low,neutral,0.9,None,fair,unknown,None,appointment_cancel,
(230)801-7932_general.mp3,09/11/2025,23:30:59,"[00:00] SPEAKER_00: This call may be recorded for quality and training purposes.
[00:03] SPEAKER_00: Thank you for calling.
[00:03] SPEAKER_00: This is your call.
[00:04] SPEAKER_00: This is on the...
[00:06] SPEAKER_00: Hi, I'm calling.
[00:08] SPEAKER_01: I received a phone call from your office before I was at work
[00:12] SPEAKER_01: to confirm my appointment tomorrow at 10.30.
[00:17] SPEAKER_00: What's your name?
[00:19] SPEAKER_00: Tamina Sultana.
[00:22] SPEAKER_00: Oh, perfect.
[00:22] SPEAKER_00: Yeah.
[00:24] SPEAKER_01: All right.
[00:25] SPEAKER_01: So just wanted to confirm that.
[00:26] SPEAKER_01: All right.
[00:26] SPEAKER_01: Sounds good.
[00:27] SPEAKER_01: Thanks.
[00:27] SPEAKER_01: Okay, bye.
[00:28] SPEAKER_01: All right, bye.",The main purpose of the call was to confirm an appointment for Tamina Sultana at 10:30 AM the following day. The call confirmed the appointment and ended with both parties agreeing on the details.,Tamina,0.71,FALSE,neutral,positive,neutral,0.6,"The call was neutral overall, with the patient showing no strong emotions and a slight sense of disappointment. The staff maintained a positive and professional tone throughout, confirming an appointment and providing clear information. There were no specific dental-related issues discussed such as pain or anxiety.",neutral,0.5,low,professional,1,DISAPPOINTMENT,fair,unknown,None,appointment_confirm,
(231)801-7932_general.mp3,09/11/2025,23:32:50,"[00:00] SPEAKER_00: This call may be recorded for quality and training purposes.
[00:03] SPEAKER_00: Lincolnwood Family Dental, this is Whitney. How can I help you?
[00:07] SPEAKER_00: Hi, I am calling because we need some dental forms for school.
[00:13] SPEAKER_01: Okay, can I get your name?
[00:15] SPEAKER_01: My name is Ileana Crisan, and I can provide you with my daughter's names.
[00:21] SPEAKER_00: I have two daughters. They both need a dental form.
[00:25] SPEAKER_01: Zara Crisan, Z-A-R-A, last name Crisan, C-R-I-S-A-N.
[00:32] SPEAKER_00: And the other daughter's name?
[00:35] SPEAKER_00: Maya Crisan, M-A-Y-A.
[00:45] SPEAKER_01: Okay, give me one second.
[00:48] SPEAKER_00: Sure.
[00:59] SPEAKER_01: I can email them to you after I have the doctor fill them out and sign them.
[01:04] SPEAKER_00: I have your email as I-C-R-I-S-A-N-2-7 at gmail.com.
[01:10] SPEAKER_00: Yes, that's correct.
[01:12] SPEAKER_01: Okay, I will send them there once they are filled out.
[01:15] SPEAKER_01: Okay, thank you so much.
[01:17] SPEAKER_01: You're welcome. Bye-bye.
[01:18] SPEAKER_01: Bye.","The main purpose of the call was to obtain dental forms for school requirements. During the conversation, Whitney from Lincolnwood Family Dental collected the necessary information about the two daughters (Zara and Maya Crisan) and agreed to email the completed forms to Ileana Crisan at her provided email address, ensuring that all needed paperwork would be sent promptly.",Whitney,0.9,FALSE,neutral,positive,neutral,0.6,"The call was neutral overall with no strong emotional indicators from the patient. The staff maintained a professional and helpful tone, which contributed to a positive sentiment. The primary purpose of the call was to request dental forms for school, and both parties communicated effectively without any reported issues or concerns.",neutral,0.5,low,professional,0.9,None,fair,unknown,None,general_inquiry,
(232)801-7932_general.mp3,09/11/2025,23:33:57,"[00:00] SPEAKER_00: This call may be recorded for quality and training purposes.
[00:03] SPEAKER_00: Lincolnwood Family Dental.
[00:04] SPEAKER_00: This is Whitney.
[00:05] SPEAKER_00: How can I help you?
[00:06] SPEAKER_00: Yeah, hi.
[00:07] SPEAKER_00: My name is Saima, and I'm calling from Rimland Services.
[00:10] SPEAKER_01: Our client has an appointment tomorrow for tooth extraction.
[00:15] SPEAKER_01: His name is Guy Grisham.
[00:18] SPEAKER_00: Okay.
[00:19] SPEAKER_00: So just wanted to confirm that appointment.
[00:22] SPEAKER_00: Is that?
[00:22] SPEAKER_00: Yes, 1130.
[00:24] SPEAKER_01: Yeah, okay.
[00:25] SPEAKER_01: Sounds good.
[00:25] SPEAKER_01: Thank you.
[00:26] SPEAKER_01: Thank you.
[00:27] SPEAKER_01: Bye-bye.
[00:27] SPEAKER_01: Bye.","The main purpose of the call was to confirm an appointment for tooth extraction scheduled for tomorrow at 11:30 AM with Guy Grisham. The call confirmed the appointment time and ended successfully without any issues, ensuring that both parties had the correct information.",Whitney,0.71,FALSE,neutral,positive,neutral,0.6,"The call was generally neutral, with the patient showing no strong emotions and simply confirming an appointment. The staff maintained a professional tone throughout, ensuring clear communication. There were no specific dental-related issues discussed that would indicate pain, anxiety, or satisfaction.",neutral,0.7,low,professional,1,None,fair,unknown,None,appointment_confirm,
(233)801-7932_general.mp3,09/11/2025,23:35:44,"[00:00] SPEAKER_00: This call may be recorded for quality and training purposes.
[00:03] SPEAKER_00: Lincolnwood Family Dental. This is Whitney. How can I help you?
[00:07] SPEAKER_00: Yeah. Hi. This is Omega. I'm a patient there.
[00:13] SPEAKER_01: I need to be seen today. I'm in a lot of pain.
[00:18] SPEAKER_00: Okay. We can see you at 3 o'clock.
[00:22] SPEAKER_00: Who can see me? Is Dr. Bates there?
[00:25] SPEAKER_01: Yes. 3 o'clock.
[00:27] SPEAKER_01: Thank you so much.
[00:28] SPEAKER_01: What area is hurting? And I need the last name also.
[00:33] SPEAKER_00: Khan. K-H-A-N is the last name.
[00:38] SPEAKER_00: And my lower molar.
[00:43] SPEAKER_01: Left or right side?
[00:45] SPEAKER_01: Right. Right.
[00:48] SPEAKER_00: What was the first name again?
[00:51] SPEAKER_00: Humira. H-U-M-E-R-A.
[00:57] SPEAKER_01: Okay.
[01:03] SPEAKER_01: Okay. We'll see you today at 3.
[01:05] SPEAKER_00: Okay. Thank you so much.
[01:07] SPEAKER_00: No problem. See you soon.
[01:08] SPEAKER_00: Okay.
[01:09] SPEAKER_00: Bye-bye.","The main purpose of the call was for Omega, a patient experiencing severe pain in their lower right molar, to secure an urgent appointment at Lincolnwood Family Dental. The call resulted in scheduling Omega's visit with Dr. Bates for 3 o'clock that day, ensuring timely medical attention.",Whitney,0.73,TRUE,negative,positive,neutral,0.7,"The patient expressed significant fear and pain, indicating a negative sentiment. The staff maintained a positive and professional demeanor throughout the call, successfully scheduling an appointment and providing reassurance, which helped de-escalate the situation.",fear,0.9,high,professional,1,"PAIN, ANXIETY",fair,unknown,None,emergency,
(234)801-7932_general.mp3,09/11/2025,23:38:00,"[00:00] SPEAKER_00: This call may be recorded for quality and training purposes.
[00:03] SPEAKER_00: Lincoln Wood Family Dental. This is Whitney. How can I help you?
[00:06] SPEAKER_00: Hi, it's Corinne from Dr. Kyrus's office. How are you?
[00:09] SPEAKER_01: Good. How are you?
[00:10] SPEAKER_01: I'm doing well, thanks. I'm calling about a mutual patient.
[00:13] SPEAKER_01: Last name is Rafi, R-A-F-I.
[00:18] SPEAKER_00: First name Farman, F-A-R-M-A-N.
[00:21] SPEAKER_00: Okay.
[00:25] SPEAKER_01: How can I help you with this patient?
[00:27] SPEAKER_01: Do you mind sending us a referral? He says he's coming in.
[00:31] SPEAKER_01: You guys sending a referral for Salvatore Stone? Salvaler? No, I can't say it.
[00:39] SPEAKER_00: Okay. Yeah, I see it here. I will send it now.
[00:44] SPEAKER_01: Let me just make sure I have an email address.
[00:48] SPEAKER_00: I can't read it. It's kind of blurred out.
[00:53] SPEAKER_00: Okay.
[00:54] SPEAKER_00: Give me one second.
[00:56] SPEAKER_01: Okay.
[00:57] SPEAKER_01: Where am I sending it to?
[00:58] SPEAKER_01: The email address is xray, X-R-A-Y, at drkyrus, D-R-K-A-R-R-A-S, dot com.
[01:09] SPEAKER_00: xray, no hyphen, at drkyrus, that's D-R-K-A-R-R-A-S, dot com.
[01:17] SPEAKER_01: Correct.
[01:18] SPEAKER_01: Okay, I'm sending it now.
[01:19] SPEAKER_01: Thank you.
[01:20] SPEAKER_00: You're welcome. Bye-bye.
[01:21] SPEAKER_00: Bye.","The main purpose of the call was to facilitate a referral for a mutual patient, Farman Rafi, from Dr. Kyrus's office to Lincoln Wood Family Dental. During the conversation, Whitney from Lincoln Wood Family Dental confirmed and sent the necessary referral information via email to Dr. Kyrus's office.",Whitney,0.76,FALSE,neutral,positive,neutral,0.6,"The call was neutral overall, with the patient showing no strong emotions and the staff maintaining a professional tone. The conversation focused on sending an email referral for a mutual patient named Rafi. There were no specific dental-related issues discussed such as pain or anxiety, nor any signs of service satisfaction or insurance concerns.",neutral,0.5,low,professional,0.9,None,fair,unknown,None,general_inquiry,
(235)801-7932_general.mp3,09/11/2025,23:41:04,"[00:00] SPEAKER_00: This call may be recorded for quality and training purposes.
[00:03] SPEAKER_00: Lincolnwood Family Dental.
[00:04] SPEAKER_00: This is Whitney.
[00:05] SPEAKER_00: How can I help you?
[00:07] SPEAKER_00: Hi, Whitney.
[00:07] SPEAKER_00: Vicki Hedlund, Vivica Hedlund.
[00:10] SPEAKER_01: I have an appointment this Wednesday.
[00:14] SPEAKER_01: Okay.
[00:16] SPEAKER_00: Now, what I'm wondering, can I make it on Thursday, for this Thursday?
[00:22] SPEAKER_00: I don't have any time available Thursday.
[00:25] SPEAKER_01: It's kind of a longer appointment, so we can make sure that the crowns are in.
[00:30] SPEAKER_01: Right.
[00:30] SPEAKER_01: The doctor set aside the time specifically for Wednesday.
[00:34] SPEAKER_00: I know.
[00:35] SPEAKER_00: I understand, but I have to break it now because something came up.
[00:39] SPEAKER_00: Okay.
[00:40] SPEAKER_01: So, yeah.
[00:41] SPEAKER_01: So, what about next Wednesday or next Thursday?
[00:45] SPEAKER_01: I wouldn't have that time open again until Thursday, September 11th.
[00:59] SPEAKER_01: All right.
[01:00] SPEAKER_01: All right.
[01:00] SPEAKER_01: Let me ask you this.
[01:08] SPEAKER_00: All right.
[01:09] SPEAKER_00: Can you ask her if I can make it at 2 o'clock?
[01:14] SPEAKER_01: Come in at 2 o'clock?
[01:17] SPEAKER_01: Okay.
[01:17] SPEAKER_01: She'll be here tomorrow, so let me find out from her.
[01:19] SPEAKER_01: That should be okay, though.
[01:20] SPEAKER_00: All right.
[01:21] SPEAKER_00: Let me see.
[01:22] SPEAKER_00: Yeah.
[01:22] SPEAKER_00: Let me just see.
[01:23] SPEAKER_00: Okay.
[01:23] SPEAKER_00: I'm going to...
[01:26] SPEAKER_00: Yeah.
[01:27] SPEAKER_00: I'll actually just move you down to 2.
[01:30] SPEAKER_01: Okay.
[01:30] SPEAKER_01: Hold on.
[01:31] SPEAKER_01: Yeah.
[01:31] SPEAKER_01: One second.
[01:32] SPEAKER_01: Okay.
[01:32] SPEAKER_01: I'll be with you.
[01:36] SPEAKER_00: Yeah.
[01:37] SPEAKER_00: About 2 o'clock.
[01:38] SPEAKER_00: Yeah.
[01:38] SPEAKER_00: Maybe.
[01:39] SPEAKER_00: Well, between 2 and 2.30 because I have another freaking...
[01:42] SPEAKER_00: I have a doctor appointment, and I can't miss that.
[01:48] SPEAKER_01: So, should I make it 2.30?
[01:50] SPEAKER_01: Oh, that would be awesome.
[01:54] SPEAKER_00: Okay.
[01:55] SPEAKER_00: Okay.
[01:55] SPEAKER_00: 2.30 on Wednesday.
[01:58] SPEAKER_00: All right.
[02:00] SPEAKER_01: I'll see you then.
[02:01] SPEAKER_01: We'll see you then.
[02:01] SPEAKER_01: Thank you.
[02:02] SPEAKER_01: Thank you.
[02:03] SPEAKER_01: Bye.
[02:03] SPEAKER_01: Bye-bye.","The main purpose of the call was to reschedule an existing appointment for Vivica Hedlund from Wednesday to a later date due to a scheduling conflict. Whitney, the receptionist, worked with Vivica to find a new time slot and ultimately moved her appointment to 2:30 PM on the following Wednesday, accommodating both parties' schedules.",Whitney,0.71,FALSE,neutral,positive,neutral,0.65,"The call was generally neutral, with the patient expressing satisfaction about the appointment time and the staff providing helpful responses. There were no signs of pain or anxiety from the patient, and the overall tone remained professional and cooperative.",neutral,0.8,low,professional,0.95,SATISFACTION,good,unknown,None,appointment_booking,
(270)-320-8767_missed.mp3,09/12/2025,08:12:59,"[00:00] SPEAKER_00: This call may be recorded for quality and training purposes.
[00:04] SPEAKER_00: Thank you for calling.
[00:05] SPEAKER_00: My name is Joanne.
[00:05] SPEAKER_00: I'm a dental staff.
[00:06] SPEAKER_00: How may I help you?
[00:08] SPEAKER_01: Yeah, ma'am.
[00:09] SPEAKER_01: You can accept the Medicaid and kids.
[00:13] SPEAKER_01: Not Medicaid.
[00:14] SPEAKER_01: Not Medicaid.
[00:16] SPEAKER_00: But my insurance is ABCD, so you take that?
[00:22] SPEAKER_00: I don't.
[00:23] SPEAKER_00: I'm not familiar with that.
[00:25] SPEAKER_01: Is it Medicare?
[00:28] SPEAKER_01: Is it a...
[00:29] SPEAKER_01: Yeah.
[00:30] SPEAKER_01: With the PPO plan?
[00:31] SPEAKER_01: HMO.
[00:32] SPEAKER_00: Oh, HMO we don't.
[00:33] SPEAKER_00: Yeah, it's a PPO.
[00:34] SPEAKER_00: No, no.
[00:35] SPEAKER_00: It's a PPO plan.
[00:37] SPEAKER_00: Are you sure?
[00:38] SPEAKER_00: Okay.
[00:38] SPEAKER_00: Yeah.
[00:39] SPEAKER_00: Yeah.
[00:39] SPEAKER_00: Yeah.
[00:39] SPEAKER_00: You may not.
[00:40] SPEAKER_01: I'll bring my ID with me so you can check it out.
[00:43] SPEAKER_01: Okay.
[00:45] SPEAKER_01: Have you been here before?
[00:47] SPEAKER_01: No.
[00:48] SPEAKER_00: Okay.
[00:51] SPEAKER_00: When can you come in?
[00:55] SPEAKER_00: First, I'm coming today to show you my ID,
[00:58] SPEAKER_01: and then...
[01:00] SPEAKER_01: We go forward, right?
[01:03] SPEAKER_01: If you give it to me over...
[01:04] SPEAKER_00: You guys open?
[01:05] SPEAKER_00: If you give it to me over the phone, I can check it like soon,
[01:09] SPEAKER_00: and then let you know.
[01:10] SPEAKER_00: Because we do have an opening today if you wanted to come in today.
[01:14] SPEAKER_01: Just a few more minutes.
[01:15] SPEAKER_01: I'm sitting in work.
[01:17] SPEAKER_01: Yeah, again?
[01:18] SPEAKER_01: We have an opening today if you wanted to come in today.
[01:24] SPEAKER_00: Yeah, I'm just coming to see your dispensary and show you my ID and everything.
[01:29] SPEAKER_01: No.
[01:29] SPEAKER_01: What I'm saying is if you give me the details of your group number and all that,
[01:34] SPEAKER_01: I can check it now.
[01:35] SPEAKER_01: And then if you wanted to come in for your appointment,
[01:38] SPEAKER_00: we could get you in today.
[01:42] SPEAKER_00: Okay.
[01:42] SPEAKER_00: Wait a second.
[01:46] SPEAKER_01: Group.
[01:47] SPEAKER_01: Where does it say group?
[01:50] SPEAKER_01: Is there a member ID number?
[01:52] SPEAKER_00: Okay.
[01:58] SPEAKER_00: It's H751.
[02:00] SPEAKER_01: It's a U-M-N-A.
[02:02] SPEAKER_01: Yeah, but I need to know the...
[02:05] SPEAKER_01: That's just the name of the insurance, but I need to know the member ID number.
[02:11] SPEAKER_00: Okay.
[02:12] SPEAKER_00: It's H751-31523.
[02:20] SPEAKER_01: H751...
[02:23] SPEAKER_01: 31523.
[02:27] SPEAKER_00: Okay.
[02:28] SPEAKER_00: Okay.
[02:29] SPEAKER_00: And what's your name?
[02:32] SPEAKER_01: Habib.
[02:33] SPEAKER_01: H-A-B-I-B.
[02:37] SPEAKER_01: And last name?
[02:40] SPEAKER_00: Mohyuddin.
[02:41] SPEAKER_00: M-O-H-I-U-D-D-I-N.
[02:50] SPEAKER_01: Okay.
[02:51] SPEAKER_01: And your date of birth?
[02:54] SPEAKER_01: August 15, 1952.
[02:57] SPEAKER_00: Okay.
[03:05] SPEAKER_01: And what's your phone number?
[03:08] SPEAKER_01: And what's a good phone number to reach you at?
[03:14] SPEAKER_00: 773-653-3106.
[03:19] SPEAKER_00: Okay.
[03:23] SPEAKER_01: And you're the subscriber, right?
[03:26] SPEAKER_01: Yes.
[03:27] SPEAKER_01: Okay.
[03:28] SPEAKER_00: Okay.
[03:28] SPEAKER_00: I will check that and then give you a call back.
[03:32] SPEAKER_00: Okay.
[03:33] SPEAKER_00: Okay?
[03:34] SPEAKER_00: Okay.
[03:35] SPEAKER_00: Okay.
[03:36] SPEAKER_01: Thank you.
[03:37] SPEAKER_01: Thank you.
[03:37] SPEAKER_01: No problem.
[03:38] SPEAKER_01: Bye.","The main purpose of the call was to determine insurance coverage and schedule an appointment for a new patient named Habib Mohyuddin. During the conversation, it was confirmed that the insurance is a PPO plan with member ID H751-31523, and details such as name, date of birth, and phone number were provided. The staff will check the coverage and call back with appointment details.",Joanne,0.74,FALSE,neutral,neutral,neutral,0.85,"The call was neutral overall, with both the patient and staff maintaining a calm demeanor. The primary topic of discussion revolved around insurance details such as PPOs and HMOs, indicating some level of concern regarding coverage but no significant emotional distress or satisfaction.",neutral,1,low,neutral,0.9,None,fair,unknown,None,insurance,
(271)-320-8767_missed.mp3,09/12/2025,08:14:12,"[00:00] SPEAKER_00: This call may be recorded for quality and training purposes.
[00:04] SPEAKER_00: Lincoln Wood Family Dental, this is Whitney.
[00:06] SPEAKER_00: How can I help you?
[00:07] SPEAKER_00: Hey, Whitney, just wondering, do you guys take Blue Cross Blue Shield Community Insurance?
[00:11] SPEAKER_01: I'm sorry, say that for me one more time.
[00:13] SPEAKER_01: I couldn't hear you.
[00:14] SPEAKER_01: Blue Cross Blue Shield Community Insurance, public age.
[00:18] SPEAKER_00: Is that Medicaid insurance?
[00:20] SPEAKER_00: Yeah, Medicaid, yeah.
[00:21] SPEAKER_00: We only take PPO insurances.
[00:24] SPEAKER_01: Oh, okay.
[00:25] SPEAKER_01: All right, thank you.
[00:26] SPEAKER_01: You're welcome.","The main purpose of the call was to inquire about the acceptance of Blue Cross Blue Shield Community Insurance (Medicaid) at Lincoln Wood Family Dental. During the conversation, it was clarified that the office only accepts PPO insurances, leading to the conclusion that Medicaid is not accepted, and this information was confirmed by both parties.",Whitney,0.62,FALSE,neutral,positive,neutral,0.6,"The call was generally neutral with the patient seeking clarification about insurance coverage. The staff maintained a positive and professional tone, ensuring clear communication despite the insurance-related inquiry. There were no signs of pain or anxiety from the patient, but there was an insurance concern that needed to be addressed.",neutral,0.7,low,professional,0.9,INSURANCE_ISSUE,fair,unknown,None,insurance,
im giving you the same energy #karen #foryou #customerservice #rude #callcenter #facts #9to5life.mp3,09/12/2025,08:15:39,"[00:00] SPEAKER_00: Thank you for calling customer service. My name is Veronica. How can I help you?
[00:04] SPEAKER_00: Yeah, yeah, yeah, whatever. Just pull up my account. Don't even say thank you for calling.
[00:08] SPEAKER_01: Just pull up my account and do what you need to do. Do your job because I don't understand.
[00:13] SPEAKER_01: Hello? Are you still there? Yes, ma'am. I'm still listening.
[00:17] SPEAKER_00: Did you hear what I just said? Nah, you're going to have to repeat all that because you started
[00:21] SPEAKER_00: yelling and I thought you was talking to one of your kids because I know you're not talking to
[00:24] SPEAKER_01: me like that. Not on this chipper Tuesday morning. Did you really just say that to me?
[00:30] SPEAKER_01: Yes, I did say that. Yes, I did.","The main purpose of the call was for the customer to request account information from the dental office. Despite the customer's unprofessional and confrontational tone, no specific issues were resolved; the representative acknowledged receiving the request but did not provide any details or confirm follow-up actions.",Veronica,0.57,FALSE,negative,neutral,negative,0.7,"The patient expressed frustration and anger during the call, indicating dissatisfaction with the service. They were anxious about insurance issues and felt disappointed by the staff's initial response. The staff maintained a neutral tone but failed to address the patient's concerns effectively, leading to an escalating situation.",anger,0.9,high,neutral,0.7,"ANXIETY, INSURANCE_ISSUE, DISAPPOINTMENT",fair,unknown,None,general_inquiry,
(853)529-2911_booked.mp3,09/16/2025,09:54:35,"[00:00] SPEAKER_00: This call may be recorded for quality and training purposes.
[00:04] SPEAKER_00: Lincolnwood Family Dental, this is Whitney. How can I help you?
[00:07] SPEAKER_00: Hi, I was just looking to reschedule my appointment.
[00:11] SPEAKER_01: Okay, can I get your name?
[00:13] SPEAKER_01: Yeah, so our name is O-S-M-A-N-O-V-I-C.
[00:19] SPEAKER_00: First name?
[00:21] SPEAKER_00: Neva, N-E-J-R-A.
[00:27] SPEAKER_01: Okay.
[00:27] SPEAKER_01: The next opening would be Friday, September 19th.
[00:34] SPEAKER_00: For Endo?
[00:35] SPEAKER_00: Yes.
[00:37] SPEAKER_00: September 19th. What time?
[00:41] SPEAKER_01: That would be a 10...
[00:48] SPEAKER_00: You said 10?
[00:49] SPEAKER_00: 10 o'clock, yeah.
[00:52] SPEAKER_00: That's the only time?
[00:53] SPEAKER_00: Mm-hmm.
[00:55] SPEAKER_00: Okay.
[00:57] SPEAKER_01: Okay.
[00:58] SPEAKER_01: September 19th, I wouldn't have anything again until October 3rd.
[01:07] SPEAKER_00: Could I get referred out by any chance?
[01:11] SPEAKER_00: Let's see.
[01:15] SPEAKER_01: Okay.
[01:36] SPEAKER_00: I can ask the doctor to write you a referral.
[01:39] SPEAKER_00: Okay, yeah, and then do you guys, like, email it, or should I come in and pick it up?
[01:45] SPEAKER_01: I can email it. I'll email it to you.
[01:47] SPEAKER_01: All right, perfect.
[01:49] SPEAKER_01: Give me one second.
[01:51] SPEAKER_01: Okay.
[02:00] SPEAKER_01: Okay.
[02:05] SPEAKER_01: Okay.
[02:08] SPEAKER_00: Okay.
[02:12] SPEAKER_00: Okay.
[02:13] SPEAKER_00: Okay.
[02:13] SPEAKER_00: Okay.
[02:14] SPEAKER_00: Okay.
[02:15] SPEAKER_00: Okay.
[02:15] SPEAKER_00: Okay.
[02:17] SPEAKER_01: Okay.
[02:18] SPEAKER_01: Okay.
[02:19] SPEAKER_01: Okay.
[02:19] SPEAKER_01: Okay.
[02:19] SPEAKER_01: Okay.
[02:20] SPEAKER_01: Okay.
[02:20] SPEAKER_01: Okay.
[02:20] SPEAKER_01: Okay.
[02:21] SPEAKER_01: Okay.
[02:22] SPEAKER_01: Okay.
[02:23] SPEAKER_01: Okay.
[02:24] SPEAKER_00: Okay.
[02:35] SPEAKER_01: Okay.
[02:36] SPEAKER_01: Okay.
[02:37] SPEAKER_01: Okay.
[02:37] SPEAKER_01: Okay.
[02:40] SPEAKER_00: Okay.
[02:43] SPEAKER_00: Okay.
[02:43] SPEAKER_00: Okay.
[02:44] SPEAKER_00: Okay.
[02:46] SPEAKER_00: Okay.
[02:47] SPEAKER_00: Okay.
[02:48] SPEAKER_01: Okay.
[02:49] SPEAKER_01: Okay.
[02:49] SPEAKER_01: Okay.
[02:49] SPEAKER_01: Okay.
[02:49] SPEAKER_01: Okay.
[02:49] SPEAKER_01: Okay.
[02:50] SPEAKER_01: Okay.",Summary generation failed,Whitney,0.7,FALSE,neutral,positive,neutral,0.6,"The call was relatively neutral overall, with the patient showing no strong emotions and the staff maintaining a professional tone. The patient seemed somewhat disappointed about the limited appointment availability but did not express significant pain or anxiety. The staff handled the rescheduling request efficiently, ensuring clear communication.",neutral,0.5,low,professional,0.9,DISAPPOINTMENT,fair,unknown,None,general_inquiry,
im giving you the same energy #karen #foryou #customerservice #rude #callcenter #facts #9to5life.mp3,09/16/2025,09:56:09,"[00:00] SPEAKER_00: Thank you for calling customer service. My name is Veronica. How can I help you?
[00:04] SPEAKER_00: Yeah, yeah, yeah, whatever. Just pull up my account. Don't even say thank you for calling.
[00:08] SPEAKER_01: Just pull up my account and do what you need to do. Do your job because I don't understand.
[00:13] SPEAKER_01: Hello? Are you still there? Yes, ma'am. I'm still listening.
[00:17] SPEAKER_00: Did you hear what I just said? Nah, you're going to have to repeat all that because you started
[00:21] SPEAKER_00: yelling and I thought you was talking to one of your kids because I know you're not talking to
[00:24] SPEAKER_01: me like that. Not on this chipper Tuesday morning. Did you really just say that to me?
[00:30] SPEAKER_01: Yes, I did say that. Yes, I did.",Summary generation failed,Veronica,0.7,FALSE,negative,neutral,negative,0.75,"The patient expressed frustration and disappointment, likely due to insurance issues. The staff's response was neutral but did not address the patient's concerns effectively, leading to an escalating situation.",disappointment,0.8,high,neutral,0.6,"INSURANCE_ISSUE, DISAPPOINTMENT",fair,unknown,None,general_inquiry,
im giving you the same energy #karen #foryou #customerservice #rude #callcenter #facts #9to5life.mp3,09/16/2025,10:06:34,"[00:00] SPEAKER_00: Thank you for calling customer service. My name is Veronica. How can I help you?
[00:04] SPEAKER_00: Yeah, yeah, yeah, whatever. Just pull up my account. Don't even say thank you for calling.
[00:08] SPEAKER_01: Just pull up my account and do what you need to do. Do your job because I don't understand.
[00:13] SPEAKER_01: Hello? Are you still there? Yes, ma'am. I'm still listening.
[00:17] SPEAKER_00: Did you hear what I just said? Nah, you're going to have to repeat all that because you started
[00:21] SPEAKER_00: yelling and I thought you was talking to one of your kids because I know you're not talking to
[00:24] SPEAKER_01: me like that. Not on this chipper Tuesday morning. Did you really just say that to me?
[00:30] SPEAKER_01: Yes, I did say that. Yes, I did.","The main purpose of the call was for the customer to request account access and inquire about dental services. Despite the customer's unprofessional and confrontational tone, no specific issues were resolved; the representative acknowledged receiving the request but did not provide any details or assistance regarding the account or services.",Veronica,0.57,FALSE,negative,neutral,negative,0.75,"The patient is expressing frustration and anger, likely due to a previous negative experience or misunderstanding. The staff member maintains a professional tone but struggles to connect with the patient's dissatisfaction, leading to an escalating situation.",anger,0.9,high,professional,0.8,"ANXIETY, DISAPPOINTMENT",poor,unknown,None,general_inquiry,
im giving you the same energy #karen #foryou #customerservice #rude #callcenter #facts #9to5life.mp3,09/16/2025,10:28:54,"[00:00] SPEAKER_00: Thank you for calling customer service. My name is Veronica. How can I help you?
[00:04] SPEAKER_00: Yeah, yeah, yeah, whatever. Just pull up my account. Don't even say thank you for calling.
[00:08] SPEAKER_01: Just pull up my account and do what you need to do. Do your job because I don't understand.
[00:13] SPEAKER_01: Hello? Are you still there? Yes, ma'am. I'm still listening.
[00:17] SPEAKER_00: Did you hear what I just said? Nah, you're going to have to repeat all that because you started
[00:21] SPEAKER_00: yelling and I thought you was talking to one of your kids because I know you're not talking to
[00:24] SPEAKER_01: me like that. Not on this chipper Tuesday morning. Did you really just say that to me?
[00:30] SPEAKER_01: Yes, I did say that. Yes, I did.","The main purpose of the call was for the customer to request account access and inquire about dental services. Despite the unprofessional tone, Veronica attempted to assist but the customer became frustrated, resulting in no specific issues being addressed during the call.",Veronica,0.57,FALSE,negative,neutral,negative,0.75,"The patient expressed clear disappointment and frustration, likely related to insurance issues. The staff maintained a neutral but somewhat unhelpful tone, which did not improve the patient's mood. There were no explicit mentions of pain or anxiety, though the overall interaction was negative due to the patient's dissatisfaction with the service.",disappointment,0.9,high,professional,0.7,"INSURANCE_ISSUE, DISAPPOINTMENT",fair,unknown,None,general_inquiry,
(848)529-2911_booked.mp3,09/16/2025,10:34:20,"[00:00] SPEAKER_00: This call may be recorded for quality and training purposes.
[00:03] SPEAKER_00: Lincolnwood Family Dental, this is Whitney. How can I help you?
[00:06] SPEAKER_00: Yes, hi. I just had a question. Do you guys see any pediatrics?
[00:14] SPEAKER_01: Like children?
[00:15] SPEAKER_01: Yeah.
[00:16] SPEAKER_00: Yeah, we do.
[00:18] SPEAKER_00: So, because I need an appointment with Dr. Chen. I'm a new patient on November 1st.
[00:25] SPEAKER_01: I was trying to see if I can also get my two-year-old.
[00:29] SPEAKER_01: Okay, can I get your name?
[00:31] SPEAKER_01: My name is Eleanor Tenghal.
[00:37] SPEAKER_00: And you said two-year-old?
[00:40] SPEAKER_01: Yeah, she's a two-year-old.
[00:42] SPEAKER_01: And what is her name?
[00:44] SPEAKER_01: Phoenix.
[00:47] SPEAKER_01: Last name is Raburiano.
[01:02] SPEAKER_01: And her date of birth?
[01:04] SPEAKER_00: 7-31-2023.
[01:13] SPEAKER_01: Okay.
[01:13] SPEAKER_01: Okay, yeah, I can put her down for your ex. You're coming in at 11, so I'll put her down for two.
[01:19] SPEAKER_01: I mean, 12, I'm sorry.
[01:22] SPEAKER_00: 12, okay. Yes, please.
[01:24] SPEAKER_00: Okay, she is scheduled November 1st.
[01:27] SPEAKER_00: Starting at 12 o'clock. We'll see you at 11.
[01:30] SPEAKER_01: Okay, everything is under Dr. Chen?
[01:33] SPEAKER_01: Correct.
[01:35] SPEAKER_01: Okay. And you guys take MUTT Life, right?
[01:38] SPEAKER_00: Yes, we do.
[01:39] SPEAKER_00: All right, thank you so much.
[01:40] SPEAKER_00: You're welcome. Bye-bye.
[01:42] SPEAKER_00: Bye-bye.","The main purpose of the call was to schedule an appointment for a new patient, Eleanor Tenghal, and her two-year-old daughter, Phoenix Raburiano, with Dr. Chen at Lincolnwood Family Dental. The call resulted in scheduling both appointments for November 1st, one starting at 12:00 PM for Phoenix and the other at 11:00 AM for Eleanor, with confirmation that MUTT Life insurance would be accepted.",Whitney,0.85,FALSE,neutral,positive,neutral,0.6,"The call had a neutral overall sentiment with the patient expressing no strong emotions. The staff maintained a positive and professional tone, ensuring clear communication about appointment scheduling. However, there was an underlying disappointment from the patient regarding their inability to schedule an appointment for their two-year-old child due to insurance issues.",neutral,0.5,low,professional,0.9,DISAPPOINTMENT,fair,unknown,None,appointment_booking,
(848)529-2911_booked.mp3,09/16/2025,14:04:10,"[00:00] SPEAKER_00: This call may be recorded for quality and training purposes.
[00:03] SPEAKER_00: Lincolnwood Family Dental, this is Whitney. How can I help you?
[00:06] SPEAKER_00: Yes, hi. I just had a question. Do you guys see any pediatrics?
[00:14] SPEAKER_00: Like children?
[00:15] SPEAKER_00: Yeah.
[00:16] SPEAKER_00: Yeah, we do.
[00:18] SPEAKER_01: So, because I need an appointment with Dr. Chen. I'm a new patient on November 1st.
[00:25] SPEAKER_01: I was trying to see if I can also get my two-year-old.
[00:29] SPEAKER_00: Okay, can I get your name?
[00:31] SPEAKER_00: My name is Eleanor Tenghal.
[00:37] SPEAKER_01: And you said two-year-old?
[00:40] SPEAKER_00: Yeah, she's a two-year-old.
[00:42] SPEAKER_01: And what is her name?
[00:44] SPEAKER_00: Phoenix.
[00:47] SPEAKER_00: Last name is Raburiano.
[01:02] SPEAKER_01: And her date of birth?
[01:04] SPEAKER_00: 7-31-2023.
[01:13] SPEAKER_00: Okay.
[01:13] SPEAKER_00: Okay, yeah, I can put her down for your ex. You're coming in at 11, so I'll put her down for two.
[01:19] SPEAKER_00: I mean, 12, I'm sorry.
[01:22] SPEAKER_00: 12, okay. Yes, please.
[01:24] SPEAKER_01: Okay, she is scheduled November 1st.
[01:27] SPEAKER_00: Starting at 12 o'clock. We'll see you at 11.
[01:30] SPEAKER_00: Okay, everything is under Dr. Chen?
[01:33] SPEAKER_01: Correct.
[01:35] SPEAKER_00: Okay. And you guys take MUTT Life, right?
[01:38] SPEAKER_00: Yes, we do.
[01:39] SPEAKER_00: All right, thank you so much.
[01:40] SPEAKER_01: You're welcome. Bye-bye.
[01:42] SPEAKER_00: Bye-bye.","The main purpose of the call was to schedule an appointment for a new patient, Eleanor Tenghal, and her two-year-old daughter, Phoenix Raburiano, with Dr. Chen at Lincolnwood Family Dental. The call resulted in scheduling both appointments for November 1st, one starting at 12:00 PM for Phoenix and the other at 11:00 AM for Eleanor, with confirmation that MUTT Life insurance would be accepted.",Whitney,0.8,FALSE,neutral,positive,neutral,0.6,"The call was generally neutral with a positive staff response. The patient seemed calm and inquired about scheduling appointments for both themselves and their child without expressing any concerns or emotions related to dental procedures, pain, anxiety, satisfaction, or insurance issues. The staff maintained a professional tone throughout the conversation.",neutral,0.5,low,professional,0.9,None,good,unknown,None,appointment_booking,
(848)529-2911_booked.mp3,09/16/2025,15:58:56,"[00:00] SPEAKER_00: This call may be recorded for quality and training purposes.
[00:03] SPEAKER_00: Lincolnwood Family Dental, this is Whitney. How can I help you?
[00:06] SPEAKER_00: Yes, hi. I just had a question. Do you guys see any pediatrics?
[00:14] SPEAKER_00: Like children?
[00:15] SPEAKER_00: Yeah.
[00:16] SPEAKER_00: Yeah, we do.
[00:18] SPEAKER_01: So, because I need an appointment with Dr. Chen. I'm a new patient on November 1st.
[00:25] SPEAKER_01: I was trying to see if I can also get my two-year-old.
[00:29] SPEAKER_00: Okay, can I get your name?
[00:31] SPEAKER_00: My name is Eleanor Tenghal.
[00:37] SPEAKER_01: And you said two-year-old?
[00:40] SPEAKER_00: Yeah, she's a two-year-old.
[00:42] SPEAKER_01: And what is her name?
[00:44] SPEAKER_00: Phoenix.
[00:47] SPEAKER_00: Last name is Raburiano.
[01:02] SPEAKER_01: And her date of birth?
[01:04] SPEAKER_00: 7-31-2023.
[01:13] SPEAKER_00: Okay.
[01:13] SPEAKER_00: Okay, yeah, I can put her down for your ex. You're coming in at 11, so I'll put her down for two.
[01:19] SPEAKER_00: I mean, 12, I'm sorry.
[01:22] SPEAKER_00: 12, okay. Yes, please.
[01:24] SPEAKER_01: Okay, she is scheduled November 1st.
[01:27] SPEAKER_00: Starting at 12 o'clock. We'll see you at 11.
[01:30] SPEAKER_00: Okay, everything is under Dr. Chen?
[01:33] SPEAKER_01: Correct.
[01:35] SPEAKER_00: Okay. And you guys take MUTT Life, right?
[01:38] SPEAKER_00: Yes, we do.
[01:39] SPEAKER_00: All right, thank you so much.
[01:40] SPEAKER_01: You're welcome. Bye-bye.
[01:42] SPEAKER_00: Bye-bye.","The main purpose of the call was to schedule an appointment for a new patient, Eleanor Tenghal, and her two-year-old daughter, Phoenix Raburiano, with Dr. Chen at Lincolnwood Family Dental. The call resulted in scheduling both appointments for November 1st, one starting at 12:00 PM for Phoenix and the other at 11:00 AM for Eleanor, with confirmation that MUTT Life insurance would be accepted.",Whitney,0.8,FALSE,neutral,professional,neutral,0.6,"The call was neutral overall, with the patient seeking information about scheduling appointments for both themselves and their two-year-old child. The staff maintained a professional tone throughout, providing clear instructions and confirming details. There were no specific dental-related concerns or emotions expressed by either party.",neutral,0.5,low,professional,1,None,fair,unknown,None,appointment_booking,
(849)529-2911_booked.mp3,09/16/2025,16:05:50,"[00:00] SPEAKER_00: This call may be recorded for quality and training purposes.
[00:03] SPEAKER_00: Thank you for calling Lincoln Family Dental.
[00:06] SPEAKER_03: How may I help you?
[00:07] SPEAKER_00: Hi, I was just calling to see if I can move an appointment.
[00:11] SPEAKER_00: Sure.
[00:12] SPEAKER_00: What's your name?
[00:14] SPEAKER_00: Last name Burgett, first name T, C-H-I-N-T-Y-I.
[00:17] SPEAKER_00: It's actually from LA, if that's okay.
[00:20] SPEAKER_00: Okay.
[00:37] SPEAKER_01: For the fifth?
[00:39] SPEAKER_01: Yeah.
[00:40] SPEAKER_00: Yeah.
[00:40] SPEAKER_00: What other days, like what days a week is that practitioner available?
[00:48] SPEAKER_01: Let's see.
[00:55] SPEAKER_01: Only here the first and third.
[01:00] SPEAKER_02: Friday of each month.
[01:03] SPEAKER_02: But she's booked for Friday the 19th, so we'll have to check.
[01:11] SPEAKER_02: Okay, only the first and the third Friday of each month.
[01:14] SPEAKER_02: Yeah.
[01:15] SPEAKER_02: So the next time she's in, it would be Friday, October 3rd.
[01:24] SPEAKER_00: Friday, October 3rd.
[01:26] SPEAKER_00: Yeah.
[01:27] SPEAKER_01: You want to move it to October 3rd?
[01:30] SPEAKER_01: That's for the root canal, right?
[01:32] SPEAKER_00: That's for the root canal, right?
[01:33] SPEAKER_00: Yeah.
[01:34] SPEAKER_01: Yeah.
[01:34] SPEAKER_00: Can I also get another one to speak for a moment too, but I think it's more urgent than we have in one place.
[01:42] SPEAKER_00: You want to make another appointment right now?
[01:46] SPEAKER_00: For what?
[01:47] SPEAKER_00: I think it's fine.
[01:48] SPEAKER_01: Not the root canal.
[01:50] SPEAKER_01: Who's the number one doctor?
[01:52] SPEAKER_00: On the same day, what are you?
[01:54] SPEAKER_00: I don't know.
[01:55] SPEAKER_01: Can I use schedule?
[02:00] SPEAKER_01: What?
[02:00] SPEAKER_00: Can I go to your CTS?
[02:09] SPEAKER_01: 181, that's what's nice.
[02:13] SPEAKER_01: Yeah, is there anything open on the 9th, 10th, or 11th for the same kind of procedure?
[02:17] SPEAKER_00: Different procedure.
[02:19] SPEAKER_01: Different procedure?
[02:19] SPEAKER_00: What kind?
[02:20] SPEAKER_01: Not a root canal.
[02:21] SPEAKER_01: I think 871?
[02:24] SPEAKER_02: 881.
[02:25] SPEAKER_02: 881.
[02:26] SPEAKER_02: For what would she want?
[02:29] SPEAKER_02: I'll have to call back.
[02:30] SPEAKER_00: Okay.
[02:31] SPEAKER_00: Okay, thank you very much.","The main purpose of the call was to reschedule an appointment for a root canal and inquire about scheduling another procedure. The caller successfully moved their root canal appointment to October 3rd, but could not secure a time for the alternative procedure during the conversation.",Unknown,0.72,TRUE,neutral,positive,neutral,0.6,"The call had a neutral overall sentiment with the patient expressing some disappointment due to insurance issues. The staff maintained a professional and helpful tone, ensuring clear communication despite the complexity of scheduling. The patient's primary emotion was disappointment, which stemmed from the inability to secure an appointment as desired.",disappointment,0.8,medium,professional,1,"INSURANCE_ISSUE, DISAPPOINTMENT",fair,unknown,None,appointment_booking,
(850)529-2911_booked.mp3,09/16/2025,16:13:00,"[00:00] SPEAKER_00: This call may be recorded for quality and training purposes.
[00:02] SPEAKER_00: So you want to change from the fifth still?
[00:05] SPEAKER_00: Lincoln with Family Dental.
[00:07] SPEAKER_00: This is Whitney.
[00:07] SPEAKER_00: How can I help you?
[00:10] SPEAKER_00: Hi.
[00:11] SPEAKER_01: Can I make an appointment for my wife's teeth to be looked at?
[00:19] SPEAKER_01: Okay.
[00:19] SPEAKER_00: Is she currently a patient here with us?
[00:21] SPEAKER_00: Yes, she is a patient.
[00:23] SPEAKER_00: What is her name?
[00:26] SPEAKER_00: Last name Burgett.
[00:27] SPEAKER_01: B-U-R-G-E-T-T, first name T-H-I-N-T-Y-I.
[00:32] SPEAKER_01: All right.
[00:33] SPEAKER_00: And by looked at, what do you mean?
[00:36] SPEAKER_00: She just wants to get one of her teeth looked at to get it fixed,
[00:40] SPEAKER_01: but I don't know what the problem is.
[00:47] SPEAKER_01: She isn't sure what kind of procedure will be necessary.
[00:51] SPEAKER_00: Okay.
[00:51] SPEAKER_00: So the first thing would be for us to, like,
[00:53] SPEAKER_00: examine to figure out what's going on there
[00:55] SPEAKER_00: and how we can fix it.
[00:58] SPEAKER_00: Okay.
[01:06] SPEAKER_00: Is it causing any pain, do you know?
[01:09] SPEAKER_00: Any pain?
[01:13] SPEAKER_00: Yeah, every once in a while.
[01:17] SPEAKER_01: When she eats or just...
[01:20] SPEAKER_00: When is it?
[01:21] SPEAKER_00: When does it happen?
[01:23] SPEAKER_01: I told you that the last time.
[01:24] SPEAKER_00: But she said that was a day.
[01:26] SPEAKER_00: But when?
[01:27] SPEAKER_01: It was a pain.
[01:30] SPEAKER_01: Like when you eat?
[01:34] SPEAKER_01: Sometimes.
[01:34] SPEAKER_01: When I eat, sometimes.
[01:35] SPEAKER_01: Sometimes.
[01:36] SPEAKER_01: It's just randomly.
[01:37] SPEAKER_01: It's not specific to when she's eating,
[01:40] SPEAKER_01: or mostly when she's eating, okay?
[01:43] SPEAKER_01: Okay.
[01:45] SPEAKER_00: Would it happen to be the side
[01:46] SPEAKER_00: where we're going to start a root canal,
[01:48] SPEAKER_00: Friday, September 5th?
[01:51] SPEAKER_01: I have to move that one, too.
[01:54] SPEAKER_01: Okay.
[01:57] SPEAKER_00: Well, I can schedule her for an exam,
[02:00] SPEAKER_00: and for us to potentially fix the issue,
[02:03] SPEAKER_00: depending upon what side, you know,
[02:05] SPEAKER_00: what's going on there.
[02:06] SPEAKER_01: But I wouldn't have anything available
[02:08] SPEAKER_00: until September 2nd for us to examine
[02:11] SPEAKER_00: and address, correct whatever the issue is.
[02:15] SPEAKER_00: Okay.
[02:16] SPEAKER_00: Is there anything available on, like, the 9th?
[02:20] SPEAKER_01: September 9th?
[02:21] SPEAKER_00: Yeah.
[02:23] SPEAKER_01: Um.
[02:27] SPEAKER_00: That's a lot.
[02:30] SPEAKER_00: 12.30.
[02:32] SPEAKER_00: 12.30 on the 9th?
[02:33] SPEAKER_01: Okay.
[02:35] SPEAKER_00: Okay, yeah.
[02:35] SPEAKER_00: That'll work.
[02:36] SPEAKER_00: As far as the appointment on the 5th.
[02:39] SPEAKER_01: Oh, give me one second.
[02:40] SPEAKER_00: Let me put this down at least.
[02:46] SPEAKER_00: Okay, September 5th.
[02:48] SPEAKER_00: Did you want me to pick a different appointment date
[02:51] SPEAKER_00: for that one now?
[02:52] SPEAKER_00: Yeah.
[02:53] SPEAKER_01: Yeah.
[02:56] SPEAKER_01: Probably.
[02:57] SPEAKER_01: The 3rd?
[02:57] SPEAKER_01: Is that one open?
[02:59] SPEAKER_01: Well, the endodontist is only here every other Friday.
[03:04] SPEAKER_00: So if we did.
[03:05] SPEAKER_00: I mean, October.
[03:06] SPEAKER_00: October?
[03:08] SPEAKER_00: 3rd?
[03:09] SPEAKER_00: Yeah.
[03:10] SPEAKER_01: Yeah, I can do morning or afternoon.
[03:12] SPEAKER_00: Morning or afternoon.
[03:18] SPEAKER_00: Give me one second.
[03:20] SPEAKER_00: Okay.
[03:21] SPEAKER_00: Okay.
[03:22] SPEAKER_00: Okay.
[03:31] SPEAKER_00: I can do morning or afternoon that day.
[03:34] SPEAKER_01: Afternoon.
[03:36] SPEAKER_00: 2.30?
[03:37] SPEAKER_00: Yeah, that's fine.
[03:39] SPEAKER_01: Okay.
[03:39] SPEAKER_00: I have her down Friday, October 3rd at 2.30 and then we'll see her September 9th at 12.30
[03:48] SPEAKER_00: to figure out what's going on.
[03:49] SPEAKER_00: Okay.
[03:50] SPEAKER_01: Can you send me an email confirmation?
[03:52] SPEAKER_01: You'll get text shortly now that the appointments have been scheduled.
[03:56] SPEAKER_00: Okay, thanks.
[03:57] SPEAKER_01: Bye.
[03:57] SPEAKER_00: You're welcome.
[03:57] SPEAKER_00: Bye-bye.
[03:58] SPEAKER_00: Okay.
[03:58] SPEAKER_01: Bye-bye.","The main purpose of the call was to schedule appointments for Mrs. Thinty Burgett's dental examination and potential treatment. During the conversation, Whitney from Lincoln with Family Dental arranged an exam appointment for September 2nd and a follow-up appointment on October 3rd at 2:30 PM, as well as rescheduled a root canal procedure originally planned for September 5th to October 3rd.",Whitney,0.73,FALSE,neutral,positive,mixed,0.6,"The call had a mixed sentiment with the patient expressing neutral to positive feelings, while the staff maintained a positive and confident demeanor. The patient mentioned experiencing pain during eating, which is a concern that needs further attention.",uncertain,0.7,low,confident,0.9,None,fair,unknown,None,appointment_booking,
(851)529-2911_booked.mp3,09/16/2025,16:20:22,"[00:00] SPEAKER_00: This call may be recorded for quality and training purposes.
[00:03] SPEAKER_01: Lincolnwood Family Dental.
[00:04] SPEAKER_00: This is Whitney.
[00:05] SPEAKER_00: How can I help you?
[00:06] SPEAKER_00: Hi, Whitney.
[00:09] SPEAKER_01: So I have, like, new patient appointments for my kids on Monday, September 8th.
[00:17] SPEAKER_01: The last name is Baig, B as in boy, A-I-G.
[00:22] SPEAKER_01: Okay.
[00:23] SPEAKER_00: And I'm calling because my son, who's seven, he's complaining of pain in his mouth, like in his back gum.
[00:33] SPEAKER_00: And his cheek does look swollen in that space, like in that area around his jaw.
[00:40] SPEAKER_01: And I think it's a tooth coming in.
[00:43] SPEAKER_01: Like, it looks like a tooth trying to break through.
[00:46] SPEAKER_01: I don't know when kids get back molars.
[00:49] SPEAKER_01: But I wanted to see if I could bring him in sooner to get it checked out.
[00:52] SPEAKER_01: Because I'm given a Motrin.
[00:54] SPEAKER_01: I just don't know.
[00:54] SPEAKER_01: I mean, you can't really take them to urgent care for, like, mouth stuff, really, if it's teeth related.
[01:00] SPEAKER_01: I'm just wondering, like, what your guys' availability is to try to bring them in.
[01:14] SPEAKER_01: I can do this Thursday at 1230.
[01:21] SPEAKER_00: Okay.
[01:21] SPEAKER_01: Wednesday.
[01:22] SPEAKER_01: I'm sorry.
[01:22] SPEAKER_01: Wednesday.
[01:24] SPEAKER_01: Wednesday.
[01:24] SPEAKER_00: Wednesday at 1230.
[01:26] SPEAKER_01: You don't have anything, like, this afternoon or anything like that?
[01:32] SPEAKER_01: He's in school, but I could pull him out.
[01:34] SPEAKER_01: Because I would have to pull him at 1230.
[01:35] SPEAKER_01: I would have to pull him out, too.
[01:36] SPEAKER_01: But, like, ideally sooner would be better.
[01:39] SPEAKER_01: We're traveling Friday morning, and I just want to give some time to figure out what this is.
[01:47] SPEAKER_00: I can do 2.30 today.
[01:47] SPEAKER_00: 2.30 today.
[01:48] SPEAKER_01: That would be awesome, actually.
[01:51] SPEAKER_01: And then what is...
[01:52] SPEAKER_00: What's his first name?
[01:52] SPEAKER_00: You gave me the last name, but not the first name.
[01:55] SPEAKER_01: Yusef.
[01:55] SPEAKER_01: Y-U-S-U-F.
[01:58] SPEAKER_01: And then you said it's upper or lower left or right that's causing the concern.
[02:07] SPEAKER_01: Lower left.
[02:13] SPEAKER_01: Got it.
[02:15] SPEAKER_01: Okay.
[02:15] SPEAKER_01: Okay.
[02:16] SPEAKER_00: I have him down today at 2.30.
[02:19] SPEAKER_00: That would be awesome.
[02:20] SPEAKER_01: Thank you so much.
[02:21] SPEAKER_00: No problem.
[02:21] SPEAKER_00: We'll see you then.
[02:23] SPEAKER_00: Okay.
[02:23] SPEAKER_01: All right.
[02:23] SPEAKER_01: Bye.","The main purpose of the call was to schedule an appointment for a seven-year-old patient who is experiencing pain and swelling in his mouth, likely due to a tooth coming in. The call resulted in scheduling the child's appointment for 2:30 PM on the same day, with the parents providing the necessary details including the child's first name (Yusef) and the affected area (lower left).",Whitney,0.85,TRUE,negative,neutral,negative,0.9,"The call is predominantly negative due to the patient's expression of pain and discomfort. The staff maintained a neutral tone, which did not effectively mitigate the negative sentiment expressed by the patient.",pain,1,high,neutral,0.8,None,poor,unknown,None,general_inquiry,
(852)529-2911_booked.mp3,09/16/2025,16:27:18,"[00:00] SPEAKER_00: This call may be recorded for quality and training purposes.
[00:05] SPEAKER_00: Thank you for calling Lincolnwood Family Dental.
[00:07] SPEAKER_00: This is Abna.
[00:08] SPEAKER_00: How may I help you?
[00:09] SPEAKER_00: Hi.
[00:10] SPEAKER_00: I was just calling to see if I can reschedule my appointment for endo.
[00:14] SPEAKER_00: Sure.
[00:15] SPEAKER_00: What's your name?
[00:17] SPEAKER_00: Neda, N-E-J-R-A.
[00:21] SPEAKER_00: Okay.
[00:22] SPEAKER_00: I'm going to put you on a brief hold.
[00:24] SPEAKER_00: All right.
[00:24] SPEAKER_00: Sounds good.
[00:30] SPEAKER_00: Thank you.
[01:01] SPEAKER_00: Thank you.
[01:56] SPEAKER_00: Thank you.
[01:56] SPEAKER_00: Thank you for holding.
[01:56] SPEAKER_00: Can you remind me the name again?
[01:58] SPEAKER_00: Sorry.
[01:59] SPEAKER_00: Neda, N-E-J-R-A.
[02:17] SPEAKER_00: That's the last name?
[02:19] SPEAKER_00: The last name is Osmanovic, O-S-M-A-N-O-V-I-C.
[02:26] SPEAKER_00: Oh, okay.
[02:27] SPEAKER_00: Here, I see you now.
[02:29] SPEAKER_00: Okay.
[02:42] SPEAKER_00: Okay.
[02:52] SPEAKER_00: What day did you want to schedule that for?
[02:56] SPEAKER_00: When is the soonest available?
[03:02] SPEAKER_00: So, she's not in until, well, I guess you were scheduled for the 15th, and then the
[03:18] SPEAKER_00: next one, she's here is the 5th, but she's not, she doesn't have anything available.
[03:24] SPEAKER_00: So, she's not in until, well, I guess you were scheduled for the 15th, and then the
[03:25] SPEAKER_00: next one, she's here is the 6th.
[03:31] SPEAKER_00: Okay.
[03:31] SPEAKER_00: Okay.
[03:32] SPEAKER_00: Okay.
[03:33] SPEAKER_00: Okay.
[03:34] SPEAKER_00: Okay.
[03:37] SPEAKER_00: Okay.
[03:42] SPEAKER_00: Okay.
[03:43] SPEAKER_00: Okay.
[03:44] SPEAKER_00: Okay.
[03:47] SPEAKER_00: Okay.
[03:50] SPEAKER_00: Okay.
[03:51] SPEAKER_00: Okay.
[03:51] SPEAKER_00: Okay.
[03:51] SPEAKER_00: Okay.
[03:53] SPEAKER_00: Okay.
[03:56] SPEAKER_00: Okay.
[03:59] SPEAKER_00: Okay.
[04:06] SPEAKER_00: Okay.
[04:07] SPEAKER_00: Okay.
[04:07] SPEAKER_00: Okay.
[04:08] SPEAKER_00: Okay.
[04:08] SPEAKER_00: Okay.
[04:08] SPEAKER_00: Okay.
[04:08] SPEAKER_00: Okay.
[04:08] SPEAKER_00: Okay.
[04:10] SPEAKER_00: Okay.
[04:11] SPEAKER_00: Okay.
[04:12] SPEAKER_00: Okay.
[04:12] SPEAKER_00: Okay.
[04:12] SPEAKER_00: Okay.
[04:13] SPEAKER_00: Okay.
[04:15] SPEAKER_00: Okay.
[04:16] SPEAKER_00: Okay.
[04:18] SPEAKER_01: Okay.
[04:22] SPEAKER_00: Okay.
[04:24] SPEAKER_00: Okay.
[04:24] SPEAKER_00: Okay.
[04:24] SPEAKER_00: Okay.
[04:25] SPEAKER_00: Okay.
[04:26] SPEAKER_00: Okay.
[04:26] SPEAKER_00: Okay.
[04:26] SPEAKER_00: Okay.
[04:27] SPEAKER_00: Okay.
[04:28] SPEAKER_00: Okay.
[04:29] SPEAKER_00: Okay.
[04:29] SPEAKER_00: Okay.
[04:29] SPEAKER_00: Okay.
[04:30] SPEAKER_00: Okay.
[04:31] SPEAKER_00: Okay.
[04:32] SPEAKER_00: Okay.
[04:34] SPEAKER_00: Okay.
[04:49] SPEAKER_00: Okay.
[04:50] SPEAKER_01: Okay.
[04:51] SPEAKER_00: Okay.
[04:53] SPEAKER_00: Okay.
[04:53] SPEAKER_00: Okay.
[04:53] SPEAKER_00: Okay.
[04:54] SPEAKER_00: Okay.","The main purpose of the call was to reschedule an endodontic appointment. During the conversation, it was confirmed that Neda Osmanovic's next available appointment slot is on the 6th, and this was agreed upon by both parties.",Abna,0.62,FALSE,neutral,professional,neutral,0.6,"The call had a neutral overall sentiment. The patient seemed neutral but expressed disappointment about the unavailability of their preferred appointment date. The staff maintained a professional and helpful tone throughout, ensuring clear communication despite the scheduling constraints.",neutral,0.5,low,professional,1,DISAPPOINTMENT,fair,unknown,None,appointment_booking,
(853)529-2911_booked.mp3,09/16/2025,16:31:54,"[00:00] SPEAKER_00: This call may be recorded for quality and training purposes.
[00:04] SPEAKER_02: Lincolnwood Family Dental, this is Whitney. How can I help you?
[00:07] SPEAKER_02: Hi, I was just looking to reschedule my appointment.
[00:11] SPEAKER_01: Okay, can I get your name?
[00:13] SPEAKER_02: Yeah, so our name is O-S-M-A-N-O-V-I-C.
[00:19] SPEAKER_01: First name?
[00:21] SPEAKER_02: Neva, N-E-J-R-A.
[00:27] SPEAKER_01: Okay.
[00:27] SPEAKER_02: The next opening would be Friday, September 19th.
[00:34] SPEAKER_02: For Endo?
[00:35] SPEAKER_00: Yes.
[00:37] SPEAKER_02: September 19th. What time?
[00:41] SPEAKER_00: That would be a 10...
[00:48] SPEAKER_02: You said 10?
[00:49] SPEAKER_00: 10 o'clock, yeah.
[00:52] SPEAKER_02: That's the only time?
[00:53] SPEAKER_00: Mm-hmm.
[00:55] SPEAKER_02: Okay.
[00:57] SPEAKER_02: Okay.
[00:58] SPEAKER_02: September 19th, I wouldn't have anything again until October 3rd.
[01:07] SPEAKER_01: Could I get referred out by any chance?
[01:11] SPEAKER_00: Let's see.
[01:15] SPEAKER_00: Okay.
[01:36] SPEAKER_02: I can ask the doctor to write you a referral.
[01:39] SPEAKER_02: Okay, yeah, and then do you guys, like, email it, or should I come in and pick it up?
[01:45] SPEAKER_02: I can email it. I'll email it to you.
[01:47] SPEAKER_02: All right, perfect.
[01:49] SPEAKER_01: Give me one second.
[01:51] SPEAKER_02: Okay.
[02:00] SPEAKER_01: Okay.
[02:05] SPEAKER_01: Okay.
[02:08] SPEAKER_01: Okay.
[02:12] SPEAKER_01: Okay.
[02:13] SPEAKER_01: Okay.
[02:13] SPEAKER_01: Okay.
[02:14] SPEAKER_01: Okay.
[02:15] SPEAKER_01: Okay.
[02:15] SPEAKER_01: Okay.
[02:17] SPEAKER_01: Okay.
[02:18] SPEAKER_01: Okay.
[02:19] SPEAKER_01: Okay.
[02:19] SPEAKER_01: Okay.
[02:19] SPEAKER_01: Okay.
[02:20] SPEAKER_01: Okay.
[02:20] SPEAKER_01: Okay.
[02:20] SPEAKER_01: Okay.
[02:21] SPEAKER_01: Okay.
[02:22] SPEAKER_01: Okay.
[02:23] SPEAKER_01: Okay.
[02:24] SPEAKER_01: Okay.
[02:35] SPEAKER_01: Okay.
[02:36] SPEAKER_02: Okay.
[02:37] SPEAKER_02: Okay.
[02:37] SPEAKER_02: Okay.
[02:40] SPEAKER_02: Okay.
[02:43] SPEAKER_02: Okay.
[02:43] SPEAKER_02: Okay.
[02:44] SPEAKER_02: Okay.
[02:46] SPEAKER_00: Okay.
[02:47] SPEAKER_02: Okay.
[02:48] SPEAKER_00: Okay.
[02:49] SPEAKER_02: Okay.
[02:49] SPEAKER_02: Okay.
[02:49] SPEAKER_00: Okay.
[02:49] SPEAKER_00: Okay.
[02:49] SPEAKER_00: Okay.
[02:50] SPEAKER_00: Okay.","The main purpose of the call was to reschedule an appointment for Neva Osmánovíć. During the call, Whitney at Lincolnwood Family Dental scheduled a new appointment for Neva on September 19th at 10 o'clock for endodontic treatment and arranged to email a referral form as requested by Neva.",Whitney,0.71,FALSE,neutral,positive,neutral,0.6,"The call was generally neutral with a slight undertone of disappointment from the patient. The staff maintained a positive and professional tone throughout, successfully rescheduling the appointment without any significant emotional issues. The patient's primary emotion seemed to be a sense of disappointment regarding the availability of their preferred time slot.",neutral,0.5,low,professional,0.9,DISAPPOINTMENT,fair,unknown,None,appointment_booking,
(854)529-2911_booked.mp3,09/16/2025,16:40:11,"[00:00] SPEAKER_00: This call may be recorded for quality and training purposes.
[00:03] SPEAKER_00: Lincoln Wood Family Dental, this is Whitney.
[00:05] SPEAKER_00: How can I help you?
[00:07] SPEAKER_01: Hi, this is Kayla.
[00:09] SPEAKER_01: I have an appointment like next month for wisdom teeth removal and then also cleaning.
[00:16] SPEAKER_01: But I was wondering if you guys can bump it up to sometime this week or next week.
[00:22] SPEAKER_01: Can I get your last name?
[00:25] SPEAKER_00: M-G-U-Y.
[00:49] SPEAKER_01: Thank you.
[01:00] SPEAKER_00: One second.
[01:37] SPEAKER_00: I would be able to do next Tuesday at 10 a.m.
[01:43] SPEAKER_00: Okay.
[01:45] SPEAKER_01: Okay, I have you down.
[01:47] SPEAKER_00: Actually, you know what?
[01:48] SPEAKER_00: I'm wrong.
[01:48] SPEAKER_00: I'm wrong.
[01:48] SPEAKER_00: I'm sorry.
[01:50] SPEAKER_00: Because Dr. Sana is the only one that does wisdom teeth extractions.
[01:54] SPEAKER_00: And that is not who has the opening.
[01:58] SPEAKER_00: Give me one second.
[02:01] SPEAKER_00: Okay.
[02:03] SPEAKER_00: I can do next Thursday the 4th at 1030.
[02:08] SPEAKER_00: Oh.
[02:11] SPEAKER_01: I can't do that.
[02:13] SPEAKER_01: What about Friday?
[02:15] SPEAKER_01: She's only here Tuesdays, Wednesdays, and Thursdays.
[02:17] SPEAKER_00: Tuesdays and Thursdays.
[02:22] SPEAKER_01: How about the second she has anything?
[02:28] SPEAKER_01: The 10th?
[02:30] SPEAKER_01: The 10th I can do 10, 11, or 12.
[02:36] SPEAKER_01: 12?
[02:38] SPEAKER_01: 12 p.m.
[02:39] SPEAKER_01: Okay.
[02:39] SPEAKER_00: I have you down Wednesday, September 10th at 12 o'clock.
[02:44] SPEAKER_00: Yes.
[02:44] SPEAKER_01: And then also I wanted to cancel my dad's appointment.
[02:48] SPEAKER_01: I think he has, I don't know.
[02:50] SPEAKER_01: I can give you his last name.
[02:52] SPEAKER_01: Yes, please.
[02:53] SPEAKER_00: P-H-A-N.
[02:56] SPEAKER_01: P-H-A-N.
[02:57] SPEAKER_01: P-H-A-N.
[02:59] SPEAKER_01: P-H-A-N.
[03:01] SPEAKER_01: P-H-A-N.
[03:04] SPEAKER_01: P-H-A-N.
[03:05] SPEAKER_00: P-H-A-N.
[03:07] SPEAKER_00: P-H-A-N.
[03:07] SPEAKER_00: P-H-A-N.
[03:08] SPEAKER_01: P-H-A-N.
[03:09] SPEAKER_01: P-H-A-N.
[03:09] SPEAKER_01: P-H-A-N.
[03:09] SPEAKER_01: P-H-A-N.
[03:10] SPEAKER_01: P-H-A-N.
[03:10] SPEAKER_01: P-H-A-N.
[03:11] SPEAKER_01: P-H-A-N.
[03:11] SPEAKER_01: P-H-A-N.
[03:12] SPEAKER_01: P-H-A-N.
[03:12] SPEAKER_00: P-H-A-N.
[03:13] SPEAKER_00: P-H-A-N.
[03:14] SPEAKER_00: P-H-A-N.
[03:15] SPEAKER_00: P-H-A-N.
[03:16] SPEAKER_01: P-H-A-N.
[03:18] SPEAKER_00: P-H-A-N.","The main purpose of the call was to reschedule an upcoming wisdom teeth removal appointment and cancel an existing appointment for the patient's father. During the conversation, Whitney from Lincoln Wood Family Dental was able to schedule Kayla's wisdom teeth extraction for Wednesday, September 10th at 12 p.m., and confirmed that the father's appointment would be canceled.",Whitney,0.67,FALSE,neutral,positive,neutral,0.6,"The call had a neutral overall sentiment with the patient expressing disappointment due to scheduling issues. The staff maintained a positive and professional tone, successfully resolving the appointment scheduling concerns without escalating the situation.",disappointment,0.8,medium,professional,1,DISAPPOINTMENT,fair,unknown,None,major_treatment,
(855)529-2911_booked.mp3,09/16/2025,16:46:07,"[00:00] SPEAKER_00: This call may be recorded for quality and training purposes.
[00:03] SPEAKER_00: Lincoln Wood Family Dental.
[00:04] SPEAKER_01: This is Whitney.
[00:05] SPEAKER_01: How can I help you?
[00:06] SPEAKER_01: Hi, Whitney.
[00:07] SPEAKER_00: I'm a patient there, and about a month ago I got a referral for one of my wisdom teeth.
[00:15] SPEAKER_00: I was referred to Advanced Center for Surgery.
[00:19] SPEAKER_00: Okay.
[00:21] SPEAKER_01: I called them, but they don't take my insurance,
[00:24] SPEAKER_00: so I was wondering if there's any other place I can go.
[00:30] SPEAKER_00: Okay.
[00:31] SPEAKER_01: For the evaluation.
[00:32] SPEAKER_00: Can I get your name?
[00:34] SPEAKER_01: Yeah, it's Angelica.
[00:35] SPEAKER_00: My last name is Garcia Fisher.
[00:37] SPEAKER_00: Okay.
[00:38] SPEAKER_00: Let me see.
[00:39] SPEAKER_00: You're not so.
[00:44] SPEAKER_00: Should I be paid?
[00:47] SPEAKER_00: Just for the.
[00:49] SPEAKER_00: Everything was covered except for the fluoride.
[00:53] SPEAKER_00: Yeah.
[00:54] SPEAKER_01: Yeah.
[00:55] SPEAKER_01: And then.
[00:59] SPEAKER_01: Okay.
[01:00] SPEAKER_01: Let me ask Doctor which other office that we can refer to,
[01:03] SPEAKER_01: and then she can write a referral for that.
[01:07] SPEAKER_00: Okay.
[01:08] SPEAKER_00: Should I call or will I get a call back or?
[01:10] SPEAKER_00: I'll email it to you.
[01:12] SPEAKER_00: Oh, okay.
[01:13] SPEAKER_00: Thank you.
[01:13] SPEAKER_00: I don't think actually I don't think I have any.
[01:16] SPEAKER_01: What is your email address?
[01:19] SPEAKER_00: It's Celine, C-E-L-E-N-E, period, A-G at gmail.com.
[01:25] SPEAKER_00: Oh, okay.
[01:29] SPEAKER_00: I have C-E-L-E-N-E, period, A-G at gmail.com.
[01:30] SPEAKER_01: C-E-L-E-N-E, period, A-G at gmail.com.
[01:35] SPEAKER_01: Yes, that's it.
[01:36] SPEAKER_00: Okay.
[01:36] SPEAKER_01: I will email it there once the doctor writes one up.
[01:39] SPEAKER_01: Okay.
[01:40] SPEAKER_00: Thank you.
[01:41] SPEAKER_00: You're welcome.
[01:42] SPEAKER_01: Bye-bye.
[01:42] SPEAKER_01: Okay.","The main purpose of the call was for Angelica Garcia Fisher to seek an alternative dental surgery provider after her initial referral did not accept her insurance. During the conversation, Whitney from Lincoln Wood Family Dental identified that the fluoride treatment was not covered and offered to email a referral to another office, which would be written by the doctor. The outcome was that Angelica received a promise of a referral via email for an alternative surgery provider.",Whitney,0.83,FALSE,neutral,positive,neutral,0.6,"The call had a neutral overall sentiment with the patient expressing disappointment due to insurance issues. The staff maintained a positive and professional tone, offering assistance in finding other options for dental care. The conversation was de-escalating as it focused on resolving the issue rather than causing further distress.",disappointment,0.7,medium,professional,0.9,"INSURANCE_ISSUE, DISAPPOINTMENT",fair,unknown,None,insurance,
(856)529-2911_booked.mp3,09/16/2025,16:55:59,"[00:00] SPEAKER_00: This call may be recorded for quality and training purposes.
[00:04] SPEAKER_00: Thank you for calling.
[00:05] SPEAKER_00: My name is Joanne.
[00:05] SPEAKER_00: I'm a dental staff.
[00:06] SPEAKER_00: How may I help you?
[00:08] SPEAKER_00: Yeah, ma'am.
[00:09] SPEAKER_01: You can accept the Medicaid and kids.
[00:13] SPEAKER_01: Not Medicaid.
[00:14] SPEAKER_00: Not Medicaid.
[00:16] SPEAKER_00: But my insurance is ABCD, so you take that?
[00:22] SPEAKER_00: I don't.
[00:23] SPEAKER_00: I'm not familiar with that.
[00:25] SPEAKER_00: Is it Medicare?
[00:28] SPEAKER_00: Is it a...
[00:29] SPEAKER_00: Yeah.
[00:30] SPEAKER_00: With the PPO plan?
[00:31] SPEAKER_00: HMO.
[00:32] SPEAKER_01: Oh, HMO we don't.
[00:33] SPEAKER_00: Yeah, it's a PPO.
[00:34] SPEAKER_00: No, no.
[00:35] SPEAKER_01: It's a PPO plan.
[00:37] SPEAKER_01: Are you sure?
[00:38] SPEAKER_00: Okay.
[00:38] SPEAKER_00: Yeah.
[00:39] SPEAKER_01: Yeah.
[00:39] SPEAKER_01: Yeah.
[00:39] SPEAKER_01: You may not.
[00:40] SPEAKER_01: I'll bring my ID with me so you can check it out.
[00:43] SPEAKER_00: Okay.
[00:45] SPEAKER_00: Have you been here before?
[00:47] SPEAKER_00: No.
[00:48] SPEAKER_00: Okay.
[00:51] SPEAKER_00: When can you come in?
[00:55] SPEAKER_00: First, I'm coming today to show you my ID,
[00:58] SPEAKER_01: and then...
[01:00] SPEAKER_01: We go forward, right?
[01:03] SPEAKER_00: If you give it to me over...
[01:04] SPEAKER_00: You guys open?
[01:05] SPEAKER_01: If you give it to me over the phone, I can check it like soon,
[01:09] SPEAKER_00: and then let you know.
[01:10] SPEAKER_00: Because we do have an opening today if you wanted to come in today.
[01:14] SPEAKER_00: Just a few more minutes.
[01:15] SPEAKER_00: I'm sitting in work.
[01:17] SPEAKER_01: Yeah, again?
[01:18] SPEAKER_01: We have an opening today if you wanted to come in today.
[01:24] SPEAKER_00: Yeah, I'm just coming to see your dispensary and show you my ID and everything.
[01:29] SPEAKER_01: No.
[01:29] SPEAKER_00: What I'm saying is if you give me the details of your group number and all that,
[01:34] SPEAKER_00: I can check it now.
[01:35] SPEAKER_00: And then if you wanted to come in for your appointment,
[01:38] SPEAKER_00: we could get you in today.
[01:42] SPEAKER_00: Okay.
[01:42] SPEAKER_01: Wait a second.
[01:46] SPEAKER_01: Group.
[01:47] SPEAKER_01: Where does it say group?
[01:50] SPEAKER_01: Is there a member ID number?
[01:52] SPEAKER_00: Okay.
[01:58] SPEAKER_01: It's H751.
[02:00] SPEAKER_01: It's a U-M-N-A.
[02:02] SPEAKER_01: Yeah, but I need to know the...
[02:05] SPEAKER_00: That's just the name of the insurance, but I need to know the member ID number.
[02:11] SPEAKER_00: Okay.
[02:12] SPEAKER_01: It's H751-31523.
[02:20] SPEAKER_00: H751...
[02:23] SPEAKER_01: 31523.
[02:27] SPEAKER_00: Okay.
[02:28] SPEAKER_00: Okay.
[02:29] SPEAKER_00: And what's your name?
[02:32] SPEAKER_00: Habib.
[02:33] SPEAKER_01: H-A-B-I-B.
[02:37] SPEAKER_01: And last name?
[02:40] SPEAKER_01: Mohyuddin.
[02:41] SPEAKER_01: M-O-H-I-U-D-D-I-N.
[02:50] SPEAKER_01: Okay.
[02:51] SPEAKER_00: And your date of birth?
[02:54] SPEAKER_00: August 15, 1952.
[02:57] SPEAKER_01: Okay.
[03:05] SPEAKER_01: And what's your phone number?
[03:08] SPEAKER_00: And what's a good phone number to reach you at?
[03:14] SPEAKER_01: 773-653-3106.
[03:19] SPEAKER_01: Okay.
[03:23] SPEAKER_00: And you're the subscriber, right?
[03:26] SPEAKER_00: Yes.
[03:27] SPEAKER_01: Okay.
[03:28] SPEAKER_00: Okay.
[03:28] SPEAKER_00: I will check that and then give you a call back.
[03:32] SPEAKER_00: Okay.
[03:33] SPEAKER_01: Okay?
[03:34] SPEAKER_00: Okay.
[03:35] SPEAKER_00: Okay.
[03:36] SPEAKER_00: Thank you.
[03:37] SPEAKER_00: Thank you.
[03:37] SPEAKER_00: No problem.
[03:38] SPEAKER_00: Bye.","The main purpose of the call was to determine insurance coverage and schedule an appointment for a new patient named Habib Mohyuddin. During the conversation, it was confirmed that the insurance is a PPO plan with member ID H751-31523, and details such as name, date of birth, and contact number were provided. The staff will check the coverage and call back to confirm an appointment for the same day if possible.",Joanne,0.74,FALSE,neutral,neutral,neutral,0.8,"The call was neutral in sentiment, with the patient and staff maintaining a professional tone. The primary topic of discussion revolved around insurance details such as PPO, Medicaid, group number, and member ID. There were no significant emotional indicators from either party, suggesting a straightforward and routine conversation.",none,1,low,none,1,None,fair,unknown,None,insurance,
(857)529-2911_booked.mp3,09/16/2025,16:58:36,"[00:00] SPEAKER_00: This call may be recorded for quality and training purposes.
[00:03] SPEAKER_00: Thank you for calling.
[00:04] SPEAKER_01: I want to give a shout-out to my family.
[00:04] SPEAKER_01: That fills a stamina home.
[00:05] SPEAKER_01: I help you.
[00:07] SPEAKER_01: Yeah, hi.
[00:08] SPEAKER_00: Do you guys do retainers?
[00:13] SPEAKER_01: Yeah, I think so.
[00:16] SPEAKER_01: I lost my retainer, so I want to make a new one.
[00:18] SPEAKER_00: I want to get a new one.
[00:20] SPEAKER_00: Did you get –
[00:22] SPEAKER_01: I had braces before.
[00:24] SPEAKER_00: Okay, hold on one second.
[00:26] SPEAKER_01: Let me just go check.
[00:30] SPEAKER_01: I think I can see your name.
[01:09] SPEAKER_01: I can see your name.
[01:41] SPEAKER_01: Thank you.
[01:41] SPEAKER_01: Thank you for holding.
[01:42] SPEAKER_01: Have you been here before?
[01:44] SPEAKER_00: No.
[01:44] SPEAKER_00: Okay.
[01:46] SPEAKER_01: So we would have to take a scan and stuff, and then I would be able to –
[01:53] SPEAKER_01: if you came in, we would be able to tell you the exact price of it,
[01:57] SPEAKER_01: but we do do that.
[02:00] SPEAKER_01: Yeah.
[02:01] SPEAKER_01: Okay.
[02:01] SPEAKER_00: What's the range?
[02:03] SPEAKER_00: Like, I want to say around $500 for the top, and then same thing for the bottom.
[02:09] SPEAKER_01: Yeah.
[02:09] SPEAKER_01: I had to check with your retainer.
[02:11] SPEAKER_01: Mm-hmm.
[02:11] SPEAKER_01: All right.
[02:13] SPEAKER_01: Okay.
[02:14] SPEAKER_01: All right.
[02:15] SPEAKER_01: Thank you.
[02:16] SPEAKER_00: Yeah, no problem.
[02:17] SPEAKER_01: Okay, bye.
[02:18] SPEAKER_01: Mm-hmm.","The main purpose of the call was to inquire about getting a new retainer after losing the previous one. During the conversation, the caller confirmed that the dental office does provide retainer services and learned that a scan would be needed upon in-person visit, with an estimated cost range of around $500 for both top and bottom retainers.",Unknown,0.73,FALSE,neutral,professional,neutral,0.6,"The call was neutral overall, with the patient inquiring about getting a new retainer and providing price expectations. The staff maintained a professional tone throughout, ensuring that the patient's needs were understood. There were no clear indicators of pain, anxiety, satisfaction, or insurance concerns.",neutral,0.5,low,professional,1,None,fair,unknown,None,general_inquiry,
(858)529-2911_booked.mp3,09/16/2025,17:07:09,"[00:00] SPEAKER_00: This call may be recorded for quality and training purposes.
[00:04] SPEAKER_00: Thank you for calling.
[00:05] SPEAKER_00: I'm going to go tell my dad to hold this phone and I'll help you.
[00:07] SPEAKER_00: Yeah, hi.
[00:08] SPEAKER_00: I don't know if I spoke to you or someone else.
[00:10] SPEAKER_00: I spoke about a retainer.
[00:11] SPEAKER_00: Oh, yeah.
[00:12] SPEAKER_00: That was me.
[00:13] SPEAKER_00: Yeah.
[00:13] SPEAKER_00: Do you do any payment plans?
[00:16] SPEAKER_00: Yeah, we do.
[00:17] SPEAKER_00: We do, like, share your credit.
[00:22] SPEAKER_00: Oh, I have to get approved for that.
[00:24] SPEAKER_01: Yeah.
[00:25] SPEAKER_00: Yeah, we can get you approved for it.
[00:30] SPEAKER_00: Okay.
[00:31] SPEAKER_00: So, yeah, I want to get an appointment.
[00:34] SPEAKER_00: Okay.
[00:48] SPEAKER_00: I can do tomorrow at 6.
[00:55] SPEAKER_00: Oh, 6 p.m.?
[00:56] SPEAKER_00: Yeah.
[00:58] SPEAKER_00: Oh, that's a bit too late.
[00:59] SPEAKER_00: My daughter has class.
[01:01] SPEAKER_00: Um, or Friday at either noon or 2?
[01:11] SPEAKER_00: Okay.
[01:12] SPEAKER_00: Friday noon is great.
[01:14] SPEAKER_00: Okay.
[01:20] SPEAKER_00: What's your last name?
[01:21] SPEAKER_00: Safi.
[01:23] SPEAKER_00: I'm second Sam, A.
[01:24] SPEAKER_00: I'm second Frank, I.
[01:27] SPEAKER_00: And first name?
[01:29] SPEAKER_00: Valia.
[01:30] SPEAKER_00: Z-A-L-I-A.
[01:34] SPEAKER_00: La-la-la.
[01:38] SPEAKER_00: Wait, Mimi, come.
[01:41] SPEAKER_00: Okay.
[01:43] SPEAKER_00: And your date of birth?
[01:46] SPEAKER_00: March 2nd, 1991.
[01:52] SPEAKER_00: March 2nd, 1991.
[01:54] SPEAKER_00: And then a phone number to reach you at?
[01:56] SPEAKER_00: Can I call you?
[01:57] SPEAKER_00: 773.
[02:01] SPEAKER_00: 849-4423.
[02:02] SPEAKER_00: Can I buy it?
[02:04] SPEAKER_00: Oh.
[02:06] SPEAKER_00: Mom, can I buy it?
[02:07] SPEAKER_00: No, you got to ask Lava.
[02:11] SPEAKER_00: He's right over there in the back.
[02:18] SPEAKER_00: Come.
[02:19] SPEAKER_00: Say it, okay.
[02:20] SPEAKER_00: Let me see it.
[02:24] SPEAKER_00: Mommy, look at this.
[02:25] SPEAKER_00: Wow.
[02:27] SPEAKER_00: Can I buy it?
[02:27] SPEAKER_00: Yeah.
[02:28] SPEAKER_00: Yeah.
[02:28] SPEAKER_00: Let me see it.
[02:28] SPEAKER_00: I want to see how much it is.
[02:35] SPEAKER_00: Yeah?
[02:37] SPEAKER_00: Okay.
[02:39] SPEAKER_00: Okay.
[02:41] SPEAKER_00: Okay.
[02:50] SPEAKER_00: You're all set for Friday at noon.
[02:56] SPEAKER_01: Friday noon.
[02:57] SPEAKER_00: Perfect.
[02:58] SPEAKER_00: Okay.
[02:59] SPEAKER_00: Noon.
[03:00] SPEAKER_00: 12.
[03:01] SPEAKER_00: Yeah.
[03:02] SPEAKER_00: All right.
[03:02] SPEAKER_00: Perfect.
[03:03] SPEAKER_00: Thank you so much.
[03:04] SPEAKER_00: Yeah.
[03:04] SPEAKER_00: No problem.
[03:05] SPEAKER_00: I'll see you then.
[03:06] SPEAKER_00: Okay.
[03:06] SPEAKER_00: Have a good day.
[03:06] SPEAKER_00: Bye.
[03:07] SPEAKER_00: You too.
[03:07] SPEAKER_00: Bye.","The main purpose of the call was to schedule an appointment for a dental retainer check-up and discuss payment options. The caller, Valia Safi, successfully scheduled an appointment for Friday at noon and confirmed the details with the office, including her contact information.",Going,0.67,FALSE,neutral,positive,neutral,0.65,"The call had a neutral overall sentiment with the patient expressing satisfaction in finding an appointment and payment plan options. The staff maintained a positive, professional tone throughout the conversation, ensuring clear communication about scheduling and payment plans. There were no indications of pain or anxiety, and the patient did not express disappointment.",neutral,0.7,low,professional,1,SATISFACTION,good,unknown,None,appointment_booking,
(847)529-2911_booked.mp3,09/16/2025,17:16:49,"[00:00] SPEAKER_00: This call may be recorded for quality and training purposes.
[00:03] SPEAKER_01: Lincolnwood Family Dental, this is Whitney.
[00:05] SPEAKER_01: How can I help you?
[00:06] SPEAKER_01: Whitney, this is Chelsea Jordan.
[00:08] SPEAKER_00: Can I make an appointment for a cleaning?
[00:12] SPEAKER_00: Okay, spell the last name for me.
[00:15] SPEAKER_00: Jordan, D-O-R-D-A-N.
[00:27] SPEAKER_01: Okay.
[00:27] SPEAKER_01: Okay.
[00:29] SPEAKER_01: The next opening I would have would be Thursday, September 4th at 1030.
[00:47] SPEAKER_00: I'm looking something in the afternoon, kind of the evening.
[00:55] SPEAKER_01: Evening.
[00:57] SPEAKER_01: I can do a 4.30 or a 5 o'clock Thursday, September 18th.
[01:03] SPEAKER_01: Or I can do a 4 o'clock September 11th, 3 or 4.
[01:08] SPEAKER_01: The 18 is the 5 o'clock, the last one?
[01:12] SPEAKER_00: Yes.
[01:14] SPEAKER_01: Okay.
[01:14] SPEAKER_00: Can I be there about 5.15 or not, Whitney?
[01:18] SPEAKER_00: No.
[01:18] SPEAKER_01: 15 minutes is the grace period, and it's typically like a 30 to 35-minute appointment,
[01:24] SPEAKER_01: so that would eat up most of your appointment.
[01:27] SPEAKER_01: Unless you were okay with seeing a different doctor.
[01:36] SPEAKER_00: 5 o'clock on Thursday, the 18th.
[01:41] SPEAKER_00: Mm-hmm.
[01:42] SPEAKER_00: And what is the hours on Saturday?
[01:45] SPEAKER_01: Saturday is 9 to 1, and Dr. Asana is not here on Saturdays either.
[01:51] SPEAKER_01: And the next time we had a Saturday opening would be the 4th of October.
[01:58] SPEAKER_01: Yeah.
[01:59] SPEAKER_00: Yeah, but that time it doesn't work with me either.
[02:03] SPEAKER_00: So you know what?
[02:04] SPEAKER_00: I'm going for like a 5.15, 5.30, because, you know, I get off from work at 5,
[02:10] SPEAKER_00: so it's, you know, seven miles away from you guys.
[02:15] SPEAKER_00: But you know what?
[02:16] SPEAKER_00: I really need the cleaning.
[02:19] SPEAKER_00: Are you okay with seeing a different doctor?
[02:21] SPEAKER_01: Because that might open up some opportunity.
[02:26] SPEAKER_00: Well, who else isn't there?
[02:28] SPEAKER_00: I haven't been there for a while.
[02:29] SPEAKER_00: When was the last time that I did the cleaning?
[02:32] SPEAKER_00: In 2022.
[02:34] SPEAKER_01: Oh, my God.
[02:35] SPEAKER_00: That's horrible.
[02:37] SPEAKER_00: So you may need to take x-rays and everything.
[02:41] SPEAKER_00: Yeah, probably.
[02:43] SPEAKER_00: And how much is for the cleaning, regular cleaning?
[02:47] SPEAKER_00: Are you using insurance?
[02:49] SPEAKER_00: No, I'm paying out of pocket cash.
[02:53] SPEAKER_00: Okay.
[02:54] SPEAKER_01: One second.
[03:05] SPEAKER_01: $109 for the cleaning and the exam.
[03:08] SPEAKER_01: Okay.
[03:09] SPEAKER_00: $109.
[03:10] SPEAKER_00: All right.
[03:11] SPEAKER_00: Credit card is fine, right?
[03:12] SPEAKER_00: Mm-hmm.
[03:13] SPEAKER_01: Okay.
[03:15] SPEAKER_00: Okay, let's go back with the date and time.
[03:20] SPEAKER_00: If I see somebody else, what will be the time?
[03:24] SPEAKER_00: Because I'm looking like a 5.30 one.
[03:27] SPEAKER_00: 5.15, 5.30.
[03:30] SPEAKER_00: Okay.
[03:33] SPEAKER_00: Okay.
[03:37] SPEAKER_00: Okay.
[03:39] SPEAKER_00: Okay.
[03:41] SPEAKER_00: Okay.
[03:42] SPEAKER_00: Okay.
[03:44] SPEAKER_00: Okay.
[03:44] SPEAKER_00: Okay.
[03:45] SPEAKER_00: Okay.
[03:46] SPEAKER_00: Okay.
[03:47] SPEAKER_00: Okay.
[03:47] SPEAKER_00: Okay.
[03:47] SPEAKER_00: Okay.
[03:47] SPEAKER_00: Okay.
[03:48] SPEAKER_00: Okay.
[03:51] SPEAKER_00: Okay.
[03:53] SPEAKER_00: Okay.
[03:59] SPEAKER_01: Okay.
[04:06] SPEAKER_01: Okay.
[04:08] SPEAKER_00: Okay.
[04:10] SPEAKER_00: Okay.
[04:11] SPEAKER_00: Okay.
[04:12] SPEAKER_00: Okay.
[04:13] SPEAKER_00: Okay.
[04:14] SPEAKER_00: Okay.
[04:14] SPEAKER_00: Okay.
[04:14] SPEAKER_00: Okay.
[04:15] SPEAKER_00: Okay.
[04:15] SPEAKER_00: Okay.
[04:15] SPEAKER_00: Okay.
[04:15] SPEAKER_00: Okay.
[04:15] SPEAKER_00: Okay.
[04:15] SPEAKER_00: Okay.
[04:15] SPEAKER_00: Okay.
[04:18] SPEAKER_00: Okay.
[04:19] SPEAKER_00: Okay.
[04:20] SPEAKER_00: Okay.
[04:21] SPEAKER_00: Okay.
[04:24] SPEAKER_00: Okay.
[04:25] SPEAKER_00: Okay.
[04:26] SPEAKER_00: Okay.
[04:29] SPEAKER_00: Okay.
[04:29] SPEAKER_00: Okay.
[04:29] SPEAKER_00: Okay.
[04:29] SPEAKER_00: Okay.
[04:29] SPEAKER_00: Okay.
[04:31] SPEAKER_00: Okay.
[04:34] SPEAKER_00: Okay.
[04:35] SPEAKER_00: Okay.
[04:35] SPEAKER_00: Okay.
[04:37] SPEAKER_00: Okay.
[04:38] SPEAKER_00: Okay.
[04:39] SPEAKER_00: Okay.","The main purpose of the call was to schedule a dental cleaning appointment for Chelsea Jordan. During the conversation, various dates and times were discussed, including potential changes in the appointment time due to the patient's work schedule and preference for evening appointments. The call resulted in an appointment being scheduled for September 18th at 5:00 PM with a different doctor, as well as confirmation of the cost ($109) and payment method (cash).",Whitney,0.71,FALSE,neutral,neutral,neutral,0.8,"The call was generally neutral, with the patient and staff maintaining a calm and professional demeanor. There were no strong indicators of positive or negative emotions, and both parties appeared to be focused on the practical aspects of the appointment without any signs of anxiety or dissatisfaction.",neutral,1,low,neutral,0.9,None,fair,unknown,None,appointment_booking,
(217)801-7932_general.mp3,09/16/2025,17:20:44,"[00:00] SPEAKER_00: This call may be recorded for quality and training purposes.
[00:03] SPEAKER_01: Lincolnwood Family Dental, please hold.
[00:41] SPEAKER_00: Thank you so much for holding.
[00:43] SPEAKER_00: This is Whitney.
[00:43] SPEAKER_00: How can I help you?
[00:45] SPEAKER_00: Hi, my name is Autumn Smith.
[00:47] SPEAKER_01: I have an appointment today at 5 o'clock, and I have a family emergency come up.
[00:52] SPEAKER_01: I was wondering if I could reschedule that.
[00:54] SPEAKER_01: Yeah, let me look at what the next opening would be.
[01:00] SPEAKER_00: Okay.
[01:04] SPEAKER_00: First one would be Tuesday, September 2nd at 10 a.m.
[01:09] SPEAKER_00: Okay.
[01:10] SPEAKER_00: Do you have anything on a Friday, maybe?
[01:13] SPEAKER_00: Friday would be September 12th.
[01:16] SPEAKER_00: Yeah.
[01:17] SPEAKER_01: Do you have anything available?
[01:19] SPEAKER_00: 10 o'clock?
[01:20] SPEAKER_01: Mm-hmm.
[01:22] SPEAKER_00: Okay, great.
[01:23] SPEAKER_01: I will take that.
[01:25] SPEAKER_01: Okay.
[01:25] SPEAKER_00: I have you down now Friday, September 12th, 10 a.m.
[01:29] SPEAKER_00: Okay.
[01:29] SPEAKER_01: Great.
[01:29] SPEAKER_01: Perfect.
[01:30] SPEAKER_01: Thank you so much.
[01:31] SPEAKER_00: You're welcome.
[01:31] SPEAKER_00: Have a good day.
[01:32] SPEAKER_00: You too.
[01:33] SPEAKER_00: Bye-bye.
[01:33] SPEAKER_00: Bye-bye.","The main purpose of the call was for Autumn Smith to reschedule her dental appointment due to a family emergency. During the conversation, Whitney, the receptionist, helped Autumn find available slots and ultimately scheduled her next appointment for Friday, September 12th at 10 a.m.",Whitney,0.8,FALSE,neutral,positive,neutral,0.8,"The patient's call was neutral in sentiment, expressing disappointment about rescheduling an appointment due to a family emergency. The staff maintained a positive and professional tone throughout the conversation, offering alternative dates and ensuring the patient felt supported. The overall interaction was de-escalating as it resolved the scheduling issue without any additional stress or anxiety for the patient.",neutral,0.6,low,professional,0.95,DISAPPOINTMENT,fair,unknown,None,appointment_booking,
(218)801-7932_general.mp3,09/16/2025,17:25:58,"[00:00] SPEAKER_00: This call may be recorded for quality and training purposes.
[00:03] SPEAKER_01: Lincolnwood Family Dental.
[00:04] SPEAKER_01: This is Whitney.
[00:05] SPEAKER_01: How can I help you?
[00:07] SPEAKER_01: Hey, Whitney.
[00:08] SPEAKER_00: I called last week or sometime to see if a dentist had written another prescription for a moccasin
[00:16] SPEAKER_00: because I've been having, like, pretty bad tooth pain.
[00:19] SPEAKER_00: I never heard back from you guys.
[00:21] SPEAKER_01: I don't know if that's possible, but it's not.
[00:23] SPEAKER_00: I guess, do you have any, like, openings soon where I could get a script?
[00:28] SPEAKER_01: What is your name?
[00:30] SPEAKER_01: Jeff Lee.
[00:44] SPEAKER_01: And what area is causing the concern?
[00:47] SPEAKER_01: Is it upper, lower, left, or right?
[00:50] SPEAKER_00: It's my upper right gum.
[00:54] SPEAKER_00: I came in, like, two or three times.
[00:58] SPEAKER_00: I have an appointment on Monday to see a…
[01:02] SPEAKER_00: Periodontist.
[01:03] SPEAKER_00: Periodontist, yeah.
[01:05] SPEAKER_00: I've just been in, like, a lot of pain, and I feel like a moccasin helps.
[01:11] SPEAKER_00: Okay.
[01:12] SPEAKER_01: Let me see who's…
[01:17] SPEAKER_01: I will ask either Dr. Stahn or Dr. Patel if we can come up with a prescription.
[01:21] SPEAKER_01: You would have to come and pick it up.
[01:23] SPEAKER_01: But I will see if they can just kind of, like, you know,
[01:27] SPEAKER_01: give another one just to hold you over until we see what's going on there on Monday.
[01:32] SPEAKER_01: Okay.
[01:33] SPEAKER_00: Okay, so I'll send you a text message letting you know that the prescription is ready for pickup.
[01:41] SPEAKER_01: Okay.
[01:42] SPEAKER_00: I guess if I don't hear back, can I just, like, call back in now, like, a few hours then?
[01:47] SPEAKER_01: It shouldn't take that long.
[01:49] SPEAKER_01: I'll send you a text message.
[01:50] SPEAKER_01: I just need one of them to write it or redo it.
[01:54] SPEAKER_00: Okay.
[01:54] SPEAKER_00: All right.
[01:55] SPEAKER_00: Thank you.
[01:55] SPEAKER_00: You're welcome.
[01:56] SPEAKER_01: Bye-bye.
[01:56] SPEAKER_01: Bye.","The main purpose of the call was for Jeff Lee to inquire about obtaining another prescription for moccasin due to ongoing tooth pain in his upper right gum. Whitney, a representative from Lincolnwood Family Dental, arranged for a potential prescription to be written by either Dr. Stahn or Dr. Patel and informed Jeff that he would receive a text message when the prescription is ready for pickup.",Whitney,0.66,FALSE,neutral,professional,neutral,0.6,"The call had a neutral overall sentiment with the patient experiencing medium-intensity fear and anxiety due to tooth pain. The staff maintained a professional tone, providing assistance in obtaining a prescription. There was no indication of insurance issues or disappointment, but the patient's discomfort and the need for immediate relief contributed to a fair emotional health level during the call.",fear,0.8,medium,professional,1,"PAIN, ANXIETY",fair,unknown,None,general_inquiry,
(219)801-7932_general.mp3,09/16/2025,17:33:22,"[00:00] SPEAKER_00: This call may be recorded for quality and training purposes.
[00:04] SPEAKER_01: Thank you for calling.
[00:04] SPEAKER_02: I went through a trial.
[00:05] SPEAKER_02: My dad told us something.
[00:06] SPEAKER_02: How may I help you?
[00:07] SPEAKER_00: My name is Sherwin Langer.
[00:09] SPEAKER_00: I was a patient there.
[00:10] SPEAKER_00: My crown came out.
[00:12] SPEAKER_00: How much would you charge me to glue my crown back in?
[00:19] SPEAKER_02: Hold on.
[00:21] SPEAKER_02: You said her last name is Maya?
[00:24] SPEAKER_02: Langer.
[00:24] SPEAKER_00: L-A-N-G-R.
[00:25] SPEAKER_00: Her first name is Sherwin.
[00:27] SPEAKER_02: Okay.
[00:36] SPEAKER_02: Okay.
[00:44] SPEAKER_02: Okay.
[00:46] SPEAKER_01: Okay.
[00:47] SPEAKER_01: Okay.
[00:57] SPEAKER_01: One years ago,
[01:00] SPEAKER_02: Maya.
[01:15] SPEAKER_00: That's her son.
[01:16] SPEAKER_02: His last name is Langer.
[01:18] SPEAKER_02: What did you have?
[01:18] SPEAKER_02: Tell them.
[01:39] SPEAKER_01: His last name is Langer.
[01:40] SPEAKER_02: His last name is Langer.
[01:41] SPEAKER_02: His last name is Langer.
[01:41] SPEAKER_02: His last name is Langer.
[01:42] SPEAKER_01: His last name is Langer.
[01:43] SPEAKER_01: His last name is Langer.
[01:44] SPEAKER_01: His last name is Langer.
[01:45] SPEAKER_01: His last name is Langer.
[01:45] SPEAKER_01: His last name is Langer.
[01:45] SPEAKER_01: His last name is Langer.
[01:46] SPEAKER_01: His last name is Langer.
[01:47] SPEAKER_01: His last name is Langer.
[01:48] SPEAKER_01: His last name is Langer.
[01:49] SPEAKER_01: His last name is Langer.
[01:50] SPEAKER_01: His last name is Langer.
[01:51] SPEAKER_01: His last name is Langer.
[01:52] SPEAKER_02: His last name is Langer.
[01:53] SPEAKER_02: His last name is Langer.
[01:54] SPEAKER_02: His last name is Langer.
[01:58] SPEAKER_02: His last name is Langer.
[01:59] SPEAKER_02: His last name is Langer.
[02:00] SPEAKER_02: His last name is Langer.
[02:00] SPEAKER_02: His last name is Langer.
[02:01] SPEAKER_02: His last name is Langer.
[02:02] SPEAKER_02: His last name is Langer.
[02:02] SPEAKER_00: His last name is Langer.
[02:02] SPEAKER_00: His last name is Langer.
[02:02] SPEAKER_00: His last name is Langer.
[02:02] SPEAKER_00: His last name is Langer.
[02:03] SPEAKER_01: His last name is Langer.
[02:03] SPEAKER_01: His last name is Langer.
[02:03] SPEAKER_00: His last name is Langer.
[02:04] SPEAKER_01: His last name is Langer.
[02:04] SPEAKER_01: His last name is Langer.","The main purpose of the call was for Sherwin Langer to inquire about the cost of re-gluing his crown. During the conversation, there were multiple instances of repetition regarding the patient's last name (Langer) and some confusion over names and details, but no specific amount was discussed or an appointment/booked or issue resolved.",Sherwin,0.61,TRUE,neutral,positive,neutral,0.5,"The patient's call was primarily neutral, but with a notable element of disappointment due to an insurance issue. The staff maintained a professional and helpful tone throughout the conversation, which aligned well with the patient's concerns. Despite some repetition in providing the last name 'Langer,' the overall interaction did not show signs of escalation or significant emotional distress.",disappointment,0.7,medium,professional,1,"INSURANCE_ISSUE, DISAPPOINTMENT",fair,unknown,None,major_treatment,
(220)801-7932_general.mp3,09/16/2025,17:36:20,"[00:00] SPEAKER_00: This call may be recorded for quality and training purposes.
[00:03] SPEAKER_00: Lincoln Wood Family Dental.
[00:04] SPEAKER_00: This is Whitney.
[00:05] SPEAKER_00: How can I help you?
[00:10] SPEAKER_00: Hello?
[00:15] SPEAKER_00: Hello?
[00:19] SPEAKER_00: Hello?
[00:19] SPEAKER_01: Can you hear me?
[00:20] SPEAKER_00: I can.
[00:21] SPEAKER_00: Sorry.
[00:22] SPEAKER_00: My name is Alex Benson.
[00:23] SPEAKER_01: I have an appointment tomorrow that I want to confirm,
[00:26] SPEAKER_01: but I also want to make sure that I know the price
[00:29] SPEAKER_01: and what I can expect to happen tomorrow, please.
[00:32] SPEAKER_01: Okay.
[00:33] SPEAKER_00: So tomorrow looks like we're going to do two fillings on the lower right side.
[00:37] SPEAKER_00: Your out-of-pocket for those is $2.48 and 44 cents.
[00:43] SPEAKER_00: Okay.
[00:44] SPEAKER_01: How long of a time slot is that?
[00:47] SPEAKER_01: We have it down for an hour and a half.
[00:50] SPEAKER_00: Okay.
[00:51] SPEAKER_01: Okay.
[00:53] SPEAKER_00: Okay.
[00:53] SPEAKER_01: Should I?
[00:56] SPEAKER_01: Should I take anything, not do anything?
[00:58] SPEAKER_01: I don't know.
[00:58] SPEAKER_01: Should I know anything?
[00:59] SPEAKER_00: No.
[01:00] SPEAKER_00: No, you'd be fine.
[01:01] SPEAKER_00: You can eat and drink and everything beforehand, and you would be fine.
[01:06] SPEAKER_00: All right.
[01:06] SPEAKER_01: Sounds good.
[01:07] SPEAKER_01: Thanks.
[01:07] SPEAKER_01: Okay.
[01:07] SPEAKER_01: We'll see you tomorrow.
[01:08] SPEAKER_00: Thank you.
[01:08] SPEAKER_00: Yep.
[01:09] SPEAKER_00: Bye-bye.","The main purpose of the call was to confirm an appointment and discuss the details of the upcoming dental procedures. During the conversation, Whitney from Lincoln Wood Family Dental confirmed that Alex Benson would be receiving two fillings on his lower right side, provided the cost information, and assured him that he could eat and drink before the procedure. The appointment was confirmed, and all necessary information was shared to prepare Alex for his visit.",Whitney,0.79,FALSE,neutral,positive,neutral,0.6,"The call was generally neutral with a focus on confirming an appointment and discussing the expected procedure. The patient seemed satisfied with the information provided by the staff, who maintained a professional tone throughout. There were no clear indicators of pain or anxiety, but the patient's satisfaction with the service was evident.",neutral,0.7,low,professional,0.95,SATISFACTION,fair,unknown,None,appointment_confirm,
(221)801-7932_general.mp3,09/16/2025,17:48:27,"[00:00] SPEAKER_00: This call may be recorded for quality and training purposes.
[00:05] SPEAKER_00: Thank you for calling Lincolnwood Family Dental.
[00:07] SPEAKER_00: This is Abna.
[00:08] SPEAKER_00: How may I help you?
[00:09] SPEAKER_00: Hi.
[00:10] SPEAKER_00: I was just calling to see if I can reschedule my appointment for endo.
[00:14] SPEAKER_00: Sure.
[00:15] SPEAKER_00: What's your name?
[00:17] SPEAKER_00: Neda, N-E-J-R-A.
[00:21] SPEAKER_00: Okay.
[00:22] SPEAKER_00: I'm going to put you on a brief hold.
[00:24] SPEAKER_00: All right.
[00:24] SPEAKER_00: Sounds good.
[00:30] SPEAKER_00: Thank you.
[01:01] SPEAKER_00: Thank you.
[01:56] SPEAKER_00: Thank you.
[01:56] SPEAKER_00: Thank you for holding.
[01:56] SPEAKER_00: Can you remind me the name again?
[01:58] SPEAKER_00: Sorry.
[01:59] SPEAKER_00: Neda, N-E-J-R-A.
[02:17] SPEAKER_00: That's the last name?
[02:19] SPEAKER_00: The last name is Osmanovic, O-S-M-A-N-O-V-I-C.
[02:26] SPEAKER_00: Oh, okay.
[02:27] SPEAKER_00: Here, I see you now.
[02:29] SPEAKER_00: Okay.
[02:42] SPEAKER_00: Okay.
[02:52] SPEAKER_00: What day did you want to schedule that for?
[02:56] SPEAKER_00: When is the soonest available?
[03:02] SPEAKER_00: So, she's not in until, well, I guess you were scheduled for the 15th, and then the
[03:18] SPEAKER_00: next one, she's here is the 5th, but she's not, she doesn't have anything available.
[03:24] SPEAKER_00: So, she's not in until, well, I guess you were scheduled for the 15th, and then the
[03:25] SPEAKER_00: next one, she's here is the 6th.
[03:31] SPEAKER_00: Okay.
[03:31] SPEAKER_00: Okay.
[03:32] SPEAKER_00: Okay.
[03:33] SPEAKER_00: Okay.
[03:34] SPEAKER_00: Okay.
[03:37] SPEAKER_00: Okay.
[03:42] SPEAKER_00: Okay.
[03:43] SPEAKER_00: Okay.
[03:44] SPEAKER_00: Okay.
[03:47] SPEAKER_00: Okay.
[03:50] SPEAKER_00: Okay.
[03:51] SPEAKER_00: Okay.
[03:51] SPEAKER_00: Okay.
[03:51] SPEAKER_00: Okay.
[03:53] SPEAKER_00: Okay.
[03:56] SPEAKER_00: Okay.
[03:59] SPEAKER_00: Okay.
[04:06] SPEAKER_00: Okay.
[04:07] SPEAKER_00: Okay.
[04:07] SPEAKER_00: Okay.
[04:08] SPEAKER_00: Okay.
[04:08] SPEAKER_00: Okay.
[04:08] SPEAKER_00: Okay.
[04:08] SPEAKER_00: Okay.
[04:08] SPEAKER_00: Okay.
[04:10] SPEAKER_00: Okay.
[04:11] SPEAKER_00: Okay.
[04:12] SPEAKER_00: Okay.
[04:12] SPEAKER_00: Okay.
[04:12] SPEAKER_00: Okay.
[04:13] SPEAKER_00: Okay.
[04:15] SPEAKER_00: Okay.
[04:16] SPEAKER_00: Okay.
[04:18] SPEAKER_01: Okay.
[04:22] SPEAKER_00: Okay.
[04:24] SPEAKER_00: Okay.
[04:24] SPEAKER_00: Okay.
[04:24] SPEAKER_00: Okay.
[04:25] SPEAKER_00: Okay.
[04:26] SPEAKER_00: Okay.
[04:26] SPEAKER_00: Okay.
[04:26] SPEAKER_00: Okay.
[04:27] SPEAKER_00: Okay.
[04:28] SPEAKER_00: Okay.
[04:29] SPEAKER_00: Okay.
[04:29] SPEAKER_00: Okay.
[04:29] SPEAKER_00: Okay.
[04:30] SPEAKER_00: Okay.
[04:31] SPEAKER_00: Okay.
[04:32] SPEAKER_00: Okay.
[04:34] SPEAKER_00: Okay.
[04:49] SPEAKER_00: Okay.
[04:50] SPEAKER_01: Okay.
[04:51] SPEAKER_00: Okay.
[04:53] SPEAKER_00: Okay.
[04:53] SPEAKER_00: Okay.
[04:53] SPEAKER_00: Okay.
[04:54] SPEAKER_00: Okay.","The main purpose of the call was to reschedule an endodontic appointment. During the conversation, it was confirmed that Neda Osmanovic's next available appointment is on the 6th, and this was agreed upon by both parties.",Abna,0.62,FALSE,neutral,positive,neutral,0.6,"The call had a neutral overall sentiment with the patient expressing disappointment about their appointment rescheduling. The staff maintained a professional and helpful tone, ensuring clear communication despite multiple repetitions from the patient. The patient did not mention pain or anxiety but was clearly dissatisfied with the scheduling delay.",disappointment,0.8,medium,professional,1,DISAPPOINTMENT,fair,unknown,None,appointment_booking,
(219)801-7932_general.mp3,09/16/2025,18:13:33,"[00:00] SPEAKER_00: This call may be recorded for quality and training purposes.
[00:04] SPEAKER_01: Thank you for calling.
[00:04] SPEAKER_02: I went through a trial.
[00:05] SPEAKER_02: My dad told us something.
[00:06] SPEAKER_02: How may I help you?
[00:07] SPEAKER_00: My name is Sherwin Langer.
[00:09] SPEAKER_00: I was a patient there.
[00:10] SPEAKER_00: My crown came out.
[00:12] SPEAKER_00: How much would you charge me to glue my crown back in?
[00:19] SPEAKER_02: Hold on.
[00:21] SPEAKER_02: You said her last name is Maya?
[00:24] SPEAKER_02: Langer.
[00:24] SPEAKER_00: L-A-N-G-R.
[00:25] SPEAKER_00: Her first name is Sherwin.
[00:27] SPEAKER_02: Okay.
[00:36] SPEAKER_02: Okay.
[00:44] SPEAKER_02: Okay.
[00:46] SPEAKER_01: Okay.
[00:47] SPEAKER_01: Okay.
[00:57] SPEAKER_01: One years ago,
[01:00] SPEAKER_02: Maya.
[01:15] SPEAKER_00: That's her son.
[01:16] SPEAKER_02: His last name is Langer.
[01:18] SPEAKER_02: What did you have?
[01:18] SPEAKER_02: Tell them.
[01:39] SPEAKER_01: His last name is Langer.
[01:40] SPEAKER_02: His last name is Langer.
[01:41] SPEAKER_02: His last name is Langer.
[01:41] SPEAKER_02: His last name is Langer.
[01:42] SPEAKER_01: His last name is Langer.
[01:43] SPEAKER_01: His last name is Langer.
[01:44] SPEAKER_01: His last name is Langer.
[01:45] SPEAKER_01: His last name is Langer.
[01:45] SPEAKER_01: His last name is Langer.
[01:45] SPEAKER_01: His last name is Langer.
[01:46] SPEAKER_01: His last name is Langer.
[01:47] SPEAKER_01: His last name is Langer.
[01:48] SPEAKER_01: His last name is Langer.
[01:49] SPEAKER_01: His last name is Langer.
[01:50] SPEAKER_01: His last name is Langer.
[01:51] SPEAKER_01: His last name is Langer.
[01:52] SPEAKER_02: His last name is Langer.
[01:53] SPEAKER_02: His last name is Langer.
[01:54] SPEAKER_02: His last name is Langer.
[01:58] SPEAKER_02: His last name is Langer.
[01:59] SPEAKER_02: His last name is Langer.
[02:00] SPEAKER_02: His last name is Langer.
[02:00] SPEAKER_02: His last name is Langer.
[02:01] SPEAKER_02: His last name is Langer.
[02:02] SPEAKER_02: His last name is Langer.
[02:02] SPEAKER_00: His last name is Langer.
[02:02] SPEAKER_00: His last name is Langer.
[02:02] SPEAKER_00: His last name is Langer.
[02:02] SPEAKER_00: His last name is Langer.
[02:03] SPEAKER_01: His last name is Langer.
[02:03] SPEAKER_01: His last name is Langer.
[02:03] SPEAKER_00: His last name is Langer.
[02:04] SPEAKER_01: His last name is Langer.
[02:04] SPEAKER_01: His last name is Langer.","The main purpose of the call was for Sherwin Langer to inquire about the cost of re-gluing his crown. During the conversation, there were multiple instances of repetition regarding the patient's last name (Langer) and some confusion over names, but no specific details or pricing information were discussed or accomplished.",Sherwin,0.61,TRUE,neutral,positive,neutral,0.7,"The call had a neutral overall sentiment with the patient expressing disappointment regarding an insurance issue. The staff maintained a professional and helpful tone, which aligned well with the patient's concerns. The patient was not mentioning pain or anxiety but did express dissatisfaction due to a billing concern.",disappointment,0.6,medium,professional,0.9,"INSURANCE_ISSUE, DISAPPOINTMENT",fair,unknown,None,major_treatment,
(222)801-7932_general.mp3,09/16/2025,19:12:52,"[00:00] SPEAKER_00: This call may be recorded for quality and training purposes.
[00:04] SPEAKER_02: Lincolnwood Family Dental, this is Whitney. How can I help you?
[00:07] SPEAKER_02: Hi, I was just looking to reschedule my appointment.
[00:11] SPEAKER_01: Okay, can I get your name?
[00:13] SPEAKER_02: Yeah, so our name is O-S-M-A-N-O-V-I-C.
[00:19] SPEAKER_01: First name?
[00:21] SPEAKER_02: Neva, N-E-J-R-A.
[00:27] SPEAKER_01: Okay.
[00:27] SPEAKER_02: The next opening would be Friday, September 19th.
[00:34] SPEAKER_02: For Endo?
[00:35] SPEAKER_00: Yes.
[00:37] SPEAKER_02: September 19th. What time?
[00:41] SPEAKER_00: That would be a 10...
[00:48] SPEAKER_02: You said 10?
[00:49] SPEAKER_00: 10 o'clock, yeah.
[00:52] SPEAKER_02: That's the only time?
[00:53] SPEAKER_00: Mm-hmm.
[00:55] SPEAKER_02: Okay.
[00:57] SPEAKER_02: Okay.
[00:58] SPEAKER_02: September 19th, I wouldn't have anything again until October 3rd.
[01:07] SPEAKER_01: Could I get referred out by any chance?
[01:11] SPEAKER_00: Let's see.
[01:15] SPEAKER_00: Okay.
[01:36] SPEAKER_02: I can ask the doctor to write you a referral.
[01:39] SPEAKER_02: Okay, yeah, and then do you guys, like, email it, or should I come in and pick it up?
[01:45] SPEAKER_02: I can email it. I'll email it to you.
[01:47] SPEAKER_02: All right, perfect.
[01:49] SPEAKER_01: Give me one second.
[01:51] SPEAKER_02: Okay.
[02:00] SPEAKER_01: Okay.
[02:05] SPEAKER_01: Okay.
[02:08] SPEAKER_01: Okay.
[02:12] SPEAKER_01: Okay.
[02:13] SPEAKER_01: Okay.
[02:13] SPEAKER_01: Okay.
[02:14] SPEAKER_01: Okay.
[02:15] SPEAKER_01: Okay.
[02:15] SPEAKER_01: Okay.
[02:17] SPEAKER_01: Okay.
[02:18] SPEAKER_01: Okay.
[02:19] SPEAKER_01: Okay.
[02:19] SPEAKER_01: Okay.
[02:19] SPEAKER_01: Okay.
[02:20] SPEAKER_01: Okay.
[02:20] SPEAKER_01: Okay.
[02:20] SPEAKER_01: Okay.
[02:21] SPEAKER_01: Okay.
[02:22] SPEAKER_01: Okay.
[02:23] SPEAKER_01: Okay.
[02:24] SPEAKER_01: Okay.
[02:35] SPEAKER_01: Okay.
[02:36] SPEAKER_02: Okay.
[02:37] SPEAKER_02: Okay.
[02:37] SPEAKER_02: Okay.
[02:40] SPEAKER_02: Okay.
[02:43] SPEAKER_02: Okay.
[02:43] SPEAKER_02: Okay.
[02:44] SPEAKER_02: Okay.
[02:46] SPEAKER_00: Okay.
[02:47] SPEAKER_02: Okay.
[02:48] SPEAKER_00: Okay.
[02:49] SPEAKER_02: Okay.
[02:49] SPEAKER_02: Okay.
[02:49] SPEAKER_00: Okay.
[02:49] SPEAKER_00: Okay.
[02:49] SPEAKER_00: Okay.
[02:50] SPEAKER_00: Okay.","The main purpose of the call was to reschedule an appointment for Neva Osmancovic. During the call, Whitney at Lincolnwood Family Dental confirmed a new appointment on September 19th at 10 o'clock and agreed to email a referral for the patient's endodontic treatment.",Whitney,0.75,FALSE,neutral,positive,neutral,0.6,"The call had a neutral overall sentiment with the patient expressing disappointment regarding their appointment scheduling and insurance issues. The staff maintained a positive, professional tone throughout the conversation, successfully rescheduling the appointment and providing options for referrals. However, the patient's repeated 'Okay' statements suggest some level of frustration or disappointment.",disappointment,0.7,medium,professional,1,"INSURANCE_ISSUE, DISAPPOINTMENT",fair,unknown,None,appointment_booking,
(223)801-7932_general.mp3,09/16/2025,19:16:02,"[00:00] SPEAKER_00: This call may be recorded for quality and training purposes.
[00:03] SPEAKER_01: Lincoln Wood Family Dental, this is Whitney.
[00:05] SPEAKER_00: How can I help you?
[00:07] SPEAKER_00: Hi.
[00:08] SPEAKER_01: I have an appointment scheduled, but I forget what day I had it scheduled for.
[00:13] SPEAKER_01: So can you look me up?
[00:15] SPEAKER_00: Yeah.
[00:15] SPEAKER_00: Can I get your name?
[00:16] SPEAKER_00: Yeah, Evan Himes.
[00:23] SPEAKER_02: You're scheduled Tuesday, September 2nd at 630.
[00:28] SPEAKER_00: Okay.
[00:28] SPEAKER_02: Okay.
[00:29] SPEAKER_02: Good to know.
[00:30] SPEAKER_02: Oh, and the reason I wanted to ask as well is my wife,
[00:36] SPEAKER_02: she also wanted to come in on the same day.
[00:40] SPEAKER_02: She just had an appointment today.
[00:41] SPEAKER_02: Her name is Amy Gordon.
[00:58] SPEAKER_00: Well, she didn't come in today.
[01:00] SPEAKER_02: She was supposed to and then had to reschedule, I think.
[01:04] SPEAKER_00: I can put her down for – give me one second.
[01:13] SPEAKER_00: I can put her down for 6 o'clock so you guys would be seen starting at 6.
[01:19] SPEAKER_00: Okay.
[01:19] SPEAKER_01: Yeah, that sounds good to me.
[01:20] SPEAKER_00: Okay.
[01:21] SPEAKER_00: And I'm scheduling a cleaning, right?
[01:24] SPEAKER_00: Yep.
[01:24] SPEAKER_00: Okay.
[01:26] SPEAKER_00: Then, yeah, she's scheduled Tuesday.
[01:28] SPEAKER_00: Tuesday, September 2nd at 6 and you'll be seen immediately after 630.
[01:33] SPEAKER_00: Okay.
[01:33] SPEAKER_01: Sounds good.
[01:34] SPEAKER_00: All right.
[01:35] SPEAKER_00: You're all set.
[01:36] SPEAKER_00: Great.
[01:36] SPEAKER_01: Thanks so much.
[01:37] SPEAKER_00: You're welcome.
[01:37] SPEAKER_00: Bye-bye.","The main purpose of the call was to reschedule an appointment for Amy Gordon and confirm an existing appointment for Evan Himes. During the conversation, Whitney from Lincoln Wood Family Dental confirmed Evan's Tuesday appointment at 6:30 AM and scheduled Amy for a 6:00 PM slot, with both being seen immediately after their respective appointments. Both parties left the call satisfied with the arrangements.",Whitney,0.92,FALSE,neutral,positive,neutral,0.7,"The call was neutral overall with a slight lean towards positive due to the staff's professional and helpful tone. The patient expressed mild disappointment about rescheduling their wife’s appointment, but no strong emotions related to pain or anxiety were detected. The staff provided clear and accurate information, maintaining a good level of emotional alignment.",neutral,0.8,low,professional,1,DISAPPOINTMENT,fair,unknown,None,appointment_booking,
(224)801-7932_general.mp3,09/17/2025,08:18:26,"[00:00] SPEAKER_00: This call may be recorded for quality and training purposes.
[00:03] SPEAKER_03: Lincoln Wood Family Dental, this is Whitney.
[00:05] SPEAKER_00: How can I help you?
[00:07] SPEAKER_00: Hi there.
[00:07] SPEAKER_03: My name is Marlene Gonzalez.
[00:09] SPEAKER_03: I have an appointment scheduled in October that I just need to adjust a little bit.
[00:14] SPEAKER_03: All right.
[00:15] SPEAKER_00: Give me one second.
[00:26] SPEAKER_00: All right.
[00:27] SPEAKER_00: Yes, you're scheduled 1028 at 10 a.m.
[00:31] SPEAKER_00: And did you want to change the day or time?
[00:34] SPEAKER_00: The date.
[00:35] SPEAKER_01: Do you have anything for October 31st?
[00:39] SPEAKER_01: Yes, I can do the entire day basically with the exception of 10 o'clock.
[00:44] SPEAKER_00: I mean 12 o'clock.
[00:45] SPEAKER_00: Okay.
[00:46] SPEAKER_02: I can do this at like 10 a.m.
[00:48] SPEAKER_00: If you have that.
[00:50] SPEAKER_02: I have you down then Friday, October 31st, 10 a.m.
[00:54] SPEAKER_00: Perfect.
[00:54] SPEAKER_02: Thank you so much.
[00:55] SPEAKER_00: You're welcome.
[00:56] SPEAKER_00: Have a good day.
[00:57] SPEAKER_00: You too.
[00:58] SPEAKER_02: Bye.
[00:58] SPEAKER_02: Bye-bye.","The main purpose of the call was to reschedule an existing appointment from October. During the conversation, Whitney at Lincoln Wood Family Dental confirmed availability on October 31st and adjusted the time from 10 a.m. to 12 p.m., with the appointment set for 10 a.m. on that date. The outcome was a successful rescheduling of the patient's appointment.",Whitney,0.92,FALSE,neutral,positive,neutral,0.7,"The call was neutral overall, with the patient expressing satisfaction about adjusting an existing appointment. The staff maintained a positive and professional tone throughout the conversation, assisting the patient effectively without any signs of anxiety or pain-related emotions being detected.",neutral,0.6,low,professional,1,SATISFACTION,good,unknown,None,appointment_cancel,
(224)801-7932_general.mp3,09/17/2025,15:07:08,"[00:03] SPEAKER_03: Lincolnwood Family Dental. This is Whitney. How can I help you?
[00:06] SPEAKER_01: Hi there. My name is Marlene Gonzalez. I have an appointment scheduled
[00:10] SPEAKER_01: in October that I just need to adjust a little bit.
[00:14] SPEAKER_01: All right. Give me one second.
[00:15] SPEAKER_03: [SPEAKER_03 speech - gap filled]
[00:26] SPEAKER_00: All right. Yes, you're scheduled 1028 at 10 a.m.
[00:30] SPEAKER_00: And did you want to change the day or time?
[00:33] SPEAKER_01: The date. Do you have anything for October 31st?
[00:36] SPEAKER_03: [SPEAKER_03 speech - gap filled]
[00:39] SPEAKER_00: Yes, I can do the entire day basically with the exception
[00:42] SPEAKER_00: of 10 o'clock. I mean 12 o'clock. Oh, okay. I can do
[00:46] SPEAKER_01: this at like 10 a.m. if you have that. I have you down
[00:48] SPEAKER_02: [SPEAKER_02 speech segment]
[00:50] SPEAKER_00: then Friday, October 31st, 10 a.m. Perfect.
[00:54] SPEAKER_00: Thank you so much. You're welcome. Have a good day. You too. Bye.","The main purpose of the call was to reschedule an existing October appointment. During the conversation, Whitney from Lincolnwood Family Dental confirmed that Marlene Gonzalez could change her appointment to October 31st at 10 a.m., and the new appointment was successfully scheduled for that time.",Whitney,0.9,FALSE,neutral,positive,neutral,0.75,"The call was neutral overall, with the patient expressing satisfaction after successfully rescheduling their appointment. The staff maintained a professional and helpful tone throughout, ensuring clear communication. There were no indications of pain or anxiety, and the patient did not express any disappointment.",neutral,0.8,low,professional,0.95,SATISFACTION,good,unknown,None,appointment_cancel,
(224)801-7932_general.mp3,09/17/2025,15:17:28,"[00:00] SPEAKER_07: This call may be recorded for quality and training purposes.
[00:03] SPEAKER_07: Lincoln Wood Family Dental, this is Whitney.
[00:05] SPEAKER_06: How can I help you?
[00:07] SPEAKER_03: Hi there.
[00:07] SPEAKER_08: My name is Marlene Gonzalez.
[00:09] SPEAKER_08: I have an appointment scheduled in October that I just need to adjust a little bit.
[00:14] SPEAKER_00: All right.
[00:15] SPEAKER_06: Give me one second.
[00:26] SPEAKER_03: All right.
[00:27] SPEAKER_06: Yes, you're scheduled 1028 at 10 a.m.
[00:31] SPEAKER_06: And did you want to change the day or time?
[00:34] SPEAKER_01: The date.
[00:35] SPEAKER_02: Do you have anything for October 31st?
[00:39] SPEAKER_06: Yes, I can do the entire day basically with the exception of 10 o'clock.
[00:44] SPEAKER_06: I mean 12 o'clock.
[00:45] SPEAKER_01: Okay.
[00:46] SPEAKER_02: I can do this at like 10 a.m.
[00:48] SPEAKER_02: If you have that.
[00:50] SPEAKER_05: I have you down then Friday, October 31st, 10 a.m.
[00:54] SPEAKER_06: Perfect.
[00:54] SPEAKER_01: Thank you so much.
[00:55] SPEAKER_04: You're welcome.
[00:56] SPEAKER_04: Have a good day.
[00:57] SPEAKER_06: You too.
[00:58] SPEAKER_09: Bye.
[00:58] SPEAKER_09: Bye-bye.","The main purpose of the call was to reschedule an existing appointment from October. During the conversation, Whitney at Lincoln Wood Family Dental confirmed a new appointment for October 31st at 10 a.m., replacing the original 10 a.m. slot. The call ended with the appointment successfully rescheduled and both parties satisfied.",Whitney,0.8,FALSE,neutral,positive,neutral,0.6,"The call was generally neutral with a positive staff response. The patient called to adjust an appointment and expressed satisfaction with the available slot. There were no indications of pain, anxiety, or insurance concerns. The staff maintained a professional tone throughout the conversation.",neutral,0.5,low,professional,0.9,SATISFACTION,good,unknown,None,appointment_cancel,
(224)801-7932_general.mp3,09/17/2025,15:46:28,"[00:00] SPEAKER_07: This call may be recorded for quality and training purposes.
[00:03] SPEAKER_07: Lincoln Wood Family Dental, this is Whitney.
[00:05] SPEAKER_06: How can I help you?
[00:07] SPEAKER_03: Hi there.
[00:07] SPEAKER_08: My name is Marlene Gonzalez.
[00:09] SPEAKER_08: I have an appointment scheduled in October that I just need to adjust a little bit.
[00:14] SPEAKER_00: All right.
[00:15] SPEAKER_06: Give me one second.
[00:26] SPEAKER_03: All right.
[00:27] SPEAKER_06: Yes, you're scheduled 1028 at 10 a.m.
[00:31] SPEAKER_06: And did you want to change the day or time?
[00:34] SPEAKER_01: The date.
[00:35] SPEAKER_02: Do you have anything for October 31st?
[00:39] SPEAKER_06: Yes, I can do the entire day basically with the exception of 10 o'clock.
[00:44] SPEAKER_06: I mean 12 o'clock.
[00:45] SPEAKER_01: Okay.
[00:46] SPEAKER_02: I can do this at like 10 a.m.
[00:48] SPEAKER_02: If you have that.
[00:50] SPEAKER_05: I have you down then Friday, October 31st, 10 a.m.
[00:54] SPEAKER_06: Perfect.
[00:54] SPEAKER_01: Thank you so much.
[00:55] SPEAKER_04: You're welcome.
[00:56] SPEAKER_04: Have a good day.
[00:57] SPEAKER_06: You too.
[00:58] SPEAKER_09: Bye.
[00:58] SPEAKER_09: Bye-bye.","The main purpose of the call was to reschedule an existing appointment from October. During the conversation, Whitney at Lincoln Wood Family Dental confirmed availability on October 31st and adjusted the time from 10 a.m. to 12 p.m., with the appointment set for 10 a.m. on that date. The outcome was a successful rescheduling of the patient's appointment.",Whitney,0.8,FALSE,neutral,positive,neutral,0.8,"The call was generally neutral with the patient making a simple appointment rescheduling request. The staff responded professionally and efficiently, maintaining a positive tone throughout. There were no specific dental-related emotions expressed by either party.",neutral,0.6,low,professional,0.95,None,good,unknown,None,appointment_cancel,
D:\Upwork\Temp\Dental-AI-System\backend\audio_files\(217)801-7932_general.mp3,09/22/2025,08:42:01,"[00:00] SPEAKER_01: This call may be recorded for quality and training purposes.
[00:03] SPEAKER_01: Lincolnwood Family Dental, please hold.
[00:41] SPEAKER_02: Thank you so much for holding.
[00:43] SPEAKER_00: This is Whitney.
[00:43] SPEAKER_00: How can I help you?
[00:45] SPEAKER_00: Hi, my name is Autumn Smith.
[00:47] SPEAKER_00: I have an appointment today at 5 o'clock, and I have a family emergency come up.
[00:52] SPEAKER_00: I was wondering if I could reschedule that.
[00:54] SPEAKER_00: Yeah, let me look at what the next opening would be.
[01:00] SPEAKER_00: Okay.
[01:04] SPEAKER_02: First one would be Tuesday, September 2nd at 10 a.m.
[01:09] SPEAKER_00: Okay.
[01:10] SPEAKER_00: Do you have anything on a Friday, maybe?
[01:13] SPEAKER_00: Friday would be September 12th.
[01:16] SPEAKER_00: Yeah.
[01:17] SPEAKER_00: Do you have anything available?
[01:19] SPEAKER_00: 10 o'clock?
[01:20] SPEAKER_00: Mm-hmm.
[01:22] SPEAKER_00: Okay, great.
[01:23] SPEAKER_00: I will take that.
[01:25] SPEAKER_00: Okay.
[01:25] SPEAKER_00: I have you down now Friday, September 12th, 10 a.m.
[01:29] SPEAKER_00: Okay.
[01:29] SPEAKER_00: Great.
[01:29] SPEAKER_00: Perfect.
[01:30] SPEAKER_00: Thank you so much.
[01:31] SPEAKER_00: You're welcome.
[01:31] SPEAKER_00: Have a good day.
[01:32] SPEAKER_00: You too.
[01:33] SPEAKER_00: Bye-bye.
[01:33] SPEAKER_00: Bye-bye.","The main purpose of the call was for Autumn Smith to reschedule her dental appointment due to a family emergency. During the conversation, Whitney from Lincolnwood Family Dental found available slots on Tuesday, September 2nd at 10 a.m., and Friday, September 12th at 10 a.m., with Autumn choosing the latter. The outcome was that Autumn's appointment was successfully rescheduled for Friday, September 12th at 10 a.m.",Whitney,0.87,FALSE,neutral,positive,neutral,0.6,"The patient's sentiment is neutral but leans slightly towards disappointment due to the need to reschedule an appointment. The staff maintains a positive and professional tone, effectively handling the situation without causing further anxiety or dissatisfaction.",disappointment,0.8,medium,professional,1,DISAPPOINTMENT,fair,unknown,None,appointment_booking,
D:\Upwork\Dental-AI-System\backend\audio_files\im giving you the same energy #karen #foryou #customerservice #rude #callcenter #facts #9to5life.mp3,09/22/2025,08:51:08,"[00:00] SPEAKER_01: Thank you for calling customer service. My name is Veronica. How can I help you?
[00:04] SPEAKER_03: Yeah, yeah, yeah, whatever. Just pull up my account. Don't even say thank you for calling.
[00:08] SPEAKER_06: Just pull up my account and do what you need to do. Do your job because I don't understand.
[00:13] SPEAKER_04: Hello? Are you still there? Yes, ma'am. I'm still listening.
[00:17] SPEAKER_01: Did you hear what I just said? Nah, you're going to have to repeat all that because you started
[00:21] SPEAKER_01: yelling and I thought you was talking to one of your kids because I know you're not talking to
[00:24] SPEAKER_07: me like that. Not on this chipper Tuesday morning. Did you really just say that to me?
[00:30] SPEAKER_02: Yes, I did say that. Yes, I did.","The main purpose of the call was for the customer to request account access and inquire about their dental services. Despite the unprofessional tone, Veronica attempted to assist but the customer became frustrated, resulting in no specific issues being addressed during the call.",Veronica,0.69,FALSE,negative,neutral,negative,0.8,"The patient expressed frustration and anxiety during the call, indicating a poor emotional state. The staff maintained a professional demeanor but struggled to de-escalate the situation, leading to an overall negative interaction.",anger,0.9,high,professional,0.8,ANXIETY,poor,unknown,None,general_inquiry,
D:\Upwork\Dental-AI-System\backend\audio_files\(217)801-7932_general.mp3,09/25/2025,08:20:47,"[00:00] SPEAKER_01: This call may be recorded for quality and training purposes.
[00:03] SPEAKER_01: Lincolnwood Family Dental, please hold.
[00:41] SPEAKER_02: Thank you so much for holding.
[00:43] SPEAKER_00: This is Whitney.
[00:43] SPEAKER_00: How can I help you?
[00:45] SPEAKER_00: Hi, my name is Autumn Smith.
[00:47] SPEAKER_00: I have an appointment today at 5 o'clock, and I have a family emergency come up.
[00:52] SPEAKER_00: I was wondering if I could reschedule that.
[00:54] SPEAKER_00: Yeah, let me look at what the next opening would be.
[01:00] SPEAKER_00: Okay.
[01:04] SPEAKER_02: First one would be Tuesday, September 2nd at 10 a.m.
[01:09] SPEAKER_00: Okay.
[01:10] SPEAKER_00: Do you have anything on a Friday, maybe?
[01:13] SPEAKER_00: Friday would be September 12th.
[01:16] SPEAKER_00: Yeah.
[01:17] SPEAKER_00: Do you have anything available?
[01:19] SPEAKER_00: 10 o'clock?
[01:20] SPEAKER_00: Mm-hmm.
[01:22] SPEAKER_00: Okay, great.
[01:23] SPEAKER_00: I will take that.
[01:25] SPEAKER_00: Okay.
[01:25] SPEAKER_00: I have you down now Friday, September 12th, 10 a.m.
[01:29] SPEAKER_00: Okay.
[01:29] SPEAKER_00: Great.
[01:29] SPEAKER_00: Perfect.
[01:30] SPEAKER_00: Thank you so much.
[01:31] SPEAKER_00: You're welcome.
[01:31] SPEAKER_00: Have a good day.
[01:32] SPEAKER_00: You too.
[01:33] SPEAKER_00: Bye-bye.
[01:33] SPEAKER_00: Bye-bye.","The main purpose of the call was for Autumn Smith to reschedule her dental appointment due to a family emergency. During the conversation, Whitney, the representative from Lincolnwood Family Dental, helped reschedule the appointment from 5 p.m. on the current date to 10 a.m. on Friday, September 12th.",Whitney,0.87,FALSE,neutral,positive,neutral,0.6,"The call was neutral overall, with the patient expressing disappointment due to rescheduling their appointment. The staff maintained a positive and professional tone throughout, successfully accommodating the request without any escalation of emotions.",disappointment,0.8,medium,professional,1,DISAPPOINTMENT,fair,unknown,None,appointment_booking,
D:\Upwork\Dental-AI-System\backend\audio_files\(218)801-7932_general.mp3,09/25/2025,08:28:31,"[00:00] SPEAKER_04: This call may be recorded for quality and training purposes.
[00:03] SPEAKER_01: Lincolnwood Family Dental.
[00:04] SPEAKER_00: This is Whitney.
[00:05] SPEAKER_00: How can I help you?
[00:07] SPEAKER_02: Hey, Whitney.
[00:08] SPEAKER_03: I called last week or sometime to see if a dentist had written another prescription for a moccasin
[00:16] SPEAKER_03: because I've been having, like, pretty bad tooth pain.
[00:19] SPEAKER_03: I never heard back from you guys.
[00:21] SPEAKER_03: I don't know if that's possible, but it's not.
[00:23] SPEAKER_03: I guess, do you have any, like, openings soon where I could get a script?
[00:28] SPEAKER_03: What is your name?
[00:30] SPEAKER_02: Jeff Lee.
[00:44] SPEAKER_02: And what area is causing the concern?
[00:47] SPEAKER_00: Is it upper, lower, left, or right?
[00:50] SPEAKER_03: It's my upper right gum.
[00:54] SPEAKER_03: I came in, like, two or three times.
[00:58] SPEAKER_03: I have an appointment on Monday to see a…
[01:02] SPEAKER_00: Periodontist.
[01:03] SPEAKER_03: Periodontist, yeah.
[01:05] SPEAKER_03: I've just been in, like, a lot of pain, and I feel like a moccasin helps.
[01:11] SPEAKER_02: Okay.
[01:12] SPEAKER_00: Let me see who's…
[01:17] SPEAKER_00: I will ask either Dr. Stahn or Dr. Patel if we can come up with a prescription.
[01:21] SPEAKER_00: You would have to come and pick it up.
[01:23] SPEAKER_00: But I will see if they can just kind of, like, you know,
[01:27] SPEAKER_00: give another one just to hold you over until we see what's going on there on Monday.
[01:32] SPEAKER_00: Okay.
[01:33] SPEAKER_02: Okay, so I'll send you a text message letting you know that the prescription is ready for pickup.
[01:41] SPEAKER_02: Okay.
[01:42] SPEAKER_03: I guess if I don't hear back, can I just, like, call back in now, like, a few hours then?
[01:47] SPEAKER_03: It shouldn't take that long.
[01:49] SPEAKER_00: I'll send you a text message.
[01:50] SPEAKER_00: I just need one of them to write it or redo it.
[01:54] SPEAKER_00: Okay.
[01:54] SPEAKER_02: All right.
[01:55] SPEAKER_03: Thank you.
[01:55] SPEAKER_03: You're welcome.
[01:56] SPEAKER_03: Bye-bye.
[01:56] SPEAKER_00: Bye.","The main purpose of the call was for Jeff Lee to inquire about obtaining another prescription for moccasin due to ongoing tooth pain in his upper right gum. Whitney, a representative from Lincolnwood Family Dental, arranged for Dr. Stahn or Dr. Patel to potentially provide a temporary prescription that Jeff could pick up, pending further evaluation during his upcoming appointment with a periodontist on Monday.",Whitney,0.74,TRUE,neutral,helpful,neutral,0.65,"The patient expressed fear and anxiety due to ongoing tooth pain, which they have been experiencing for multiple visits. The staff responded in a helpful manner, addressing the patient's concerns and providing a solution by arranging a prescription pickup. The overall sentiment is neutral as both parties managed to resolve the issue without significant emotional distress.",fear,0.8,high,professional,1,"PAIN, ANXIETY",fair,unknown,None,general_inquiry,
D:\Upwork\Dental-AI-System\backend\audio_files\(219)801-7932_general.mp3,09/25/2025,08:38:22,"[00:00] SPEAKER_03: This call may be recorded for quality and training purposes.
[00:04] SPEAKER_02: Thank you for calling.
[00:04] SPEAKER_01: I went through a trial.
[00:05] SPEAKER_01: My dad told us something.
[00:06] SPEAKER_01: How may I help you?
[00:07] SPEAKER_01: My name is Sherwin Langer.
[00:09] SPEAKER_04: I was a patient there.
[00:10] SPEAKER_04: My crown came out.
[00:12] SPEAKER_04: How much would you charge me to glue my crown back in?
[00:19] SPEAKER_02: Hold on.
[00:21] SPEAKER_02: You said her last name is Maya?
[00:24] SPEAKER_01: Langer.
[00:24] SPEAKER_01: L-A-N-G-R.
[00:25] SPEAKER_04: Her first name is Sherwin.
[00:27] SPEAKER_04: Okay.
[00:36] SPEAKER_02: Okay.
[00:44] SPEAKER_02: Okay.
[00:46] SPEAKER_02: Okay.
[00:47] SPEAKER_02: Okay.
[00:57] SPEAKER_02: One years ago,
[01:00] SPEAKER_00: Maya.
[01:15] SPEAKER_00: That's her son.
[01:16] SPEAKER_00: His last name is Langer.
[01:18] SPEAKER_00: What did you have?
[01:18] SPEAKER_04: Tell them.
[01:39] SPEAKER_02: His last name is Langer.
[01:40] SPEAKER_00: His last name is Langer.
[01:41] SPEAKER_00: His last name is Langer.
[01:41] SPEAKER_00: His last name is Langer.
[01:42] SPEAKER_00: His last name is Langer.
[01:43] SPEAKER_02: His last name is Langer.
[01:44] SPEAKER_02: His last name is Langer.
[01:45] SPEAKER_02: His last name is Langer.
[01:45] SPEAKER_02: His last name is Langer.
[01:45] SPEAKER_02: His last name is Langer.
[01:46] SPEAKER_02: His last name is Langer.
[01:47] SPEAKER_02: His last name is Langer.
[01:48] SPEAKER_02: His last name is Langer.
[01:49] SPEAKER_02: His last name is Langer.
[01:50] SPEAKER_02: His last name is Langer.
[01:51] SPEAKER_02: His last name is Langer.
[01:52] SPEAKER_00: His last name is Langer.
[01:53] SPEAKER_00: His last name is Langer.
[01:54] SPEAKER_00: His last name is Langer.
[01:58] SPEAKER_02: His last name is Langer.
[01:59] SPEAKER_01: His last name is Langer.
[02:00] SPEAKER_01: His last name is Langer.
[02:00] SPEAKER_01: His last name is Langer.
[02:01] SPEAKER_01: His last name is Langer.
[02:02] SPEAKER_01: His last name is Langer.
[02:02] SPEAKER_01: His last name is Langer.
[02:02] SPEAKER_04: His last name is Langer.
[02:02] SPEAKER_04: His last name is Langer.
[02:02] SPEAKER_04: His last name is Langer.
[02:03] SPEAKER_01: His last name is Langer.
[02:03] SPEAKER_01: His last name is Langer.
[02:03] SPEAKER_01: His last name is Langer.
[02:04] SPEAKER_00: His last name is Langer.
[02:04] SPEAKER_00: His last name is Langer.","The main purpose of the call was for Sherwin Langer to inquire about the cost of re-gluing his crown. During the call, there were multiple instances of the patient repeating ""His last name is Langer,"" which may indicate frustration or confusion. The call did not result in a clear discussion of costs or next steps regarding the crown repair.",Sherwin,0.61,TRUE,neutral,positive,neutral,0.6,"The call had a neutral overall sentiment with the patient expressing disappointment about an insurance issue and needing to have their crown re-glued. The staff maintained a positive and professional tone, but there was miscommunication regarding names and information, leading to some frustration on the part of the patient.",disappointment,0.8,medium,professional,1,"INSURANCE_ISSUE, DISAPPOINTMENT",fair,unknown,None,major_treatment,
D:\Upwork\Dental-AI-System\backend\audio_files\(232)801-7932_general.mp3,,,,,,,,,,,,,,,,,,,,,,appointment_confirm,
D:\Upwork\Dental-AI-System\backend\audio_files\(224)801-7932_general.mp3,09/25/2025,09:05:47,"[00:00] SPEAKER_02: call may be recorded for quality and training purposes.
[00:02] SPEAKER_02: Lincoln Wood Family Dental, this is Whitney. How can I help you?
[00:06] SPEAKER_04: Hi there. My name is Marlene Gonzalez. I have an appointment scheduled in October that I
[00:12] SPEAKER_00: just need to adjust a little bit.
[00:14] SPEAKER_00: All right. Give me one second.
[00:26] SPEAKER_03: All right. Yes, you're scheduled 1028 at 10 a.m.
[00:30] SPEAKER_04: And did you want to change the day or time?
[00:33] SPEAKER_04: The date. Do you have anything for October 31st?
[00:39] SPEAKER_03: Yes, I can do the entire day basically with the exception of 10 o'clock.
[00:43] SPEAKER_04: I mean 12 o'clock.
[00:45] SPEAKER_04: Oh, okay.
[00:46] SPEAKER_00: I can do this at like 10 a.m. if you have that.
[00:49] SPEAKER_01: I have you down then Friday, October 31st, 10 a.m.
[00:54] SPEAKER_04: Perfect. Thank you so much.
[00:55] SPEAKER_00: You're welcome. Have a good day.
[00:57] SPEAKER_04: You too. Bye.
[00:58] SPEAKER_01: Bye-bye.","The main purpose of the call was to reschedule an existing appointment in October. During the conversation, Whitney from Lincoln Wood Family Dental confirmed a new appointment for Marlene Gonzalez on October 31st at 10 a.m., replacing the original slot. The call ended with both parties satisfied with the arrangement.",Whitney,0.86,FALSE,neutral,positive,neutral,0.7,"The call was generally neutral with a positive staff response. The patient expressed satisfaction with the appointment rescheduling and thanked the staff, indicating a good emotional alignment between both parties. There were no specific dental-related concerns or emotions detected.",neutral,0.8,low,professional,1,SATISFACTION,good,unknown,None,general_inquiry,
D:\Upwork\Dental-AI-System\backend\audio_files\(224)801-7932_general.mp3,09/25/2025,09:15:07,"[00:00] SPEAKER_02: This is Whitney.
[00:01] SPEAKER_02: How can I help you?
[00:03] SPEAKER_01: Hi there.
[00:04] SPEAKER_00: My name is Marlene Gonzalez.
[00:05] SPEAKER_00: I have an appointment scheduled in October that I just need to adjust a little bit.
[00:11] SPEAKER_00: All right.
[00:12] SPEAKER_02: Give me one second.
[00:23] SPEAKER_01: All right.
[00:24] SPEAKER_02: Yes, you're scheduled 1028 at 10 a.m.
[00:27] SPEAKER_02: Did you want to change the day or time?
[00:29] SPEAKER_02: I'm going to change the time.
[00:30] SPEAKER_02: Okay.
[00:31] SPEAKER_00: The date, do you have anything for October 31st?
[00:36] SPEAKER_01: Yes.
[00:36] SPEAKER_02: I can do the entire day basically with the exception of 10 o'clock.
[00:40] SPEAKER_02: I mean 12 o'clock.
[00:42] SPEAKER_02: Oh, okay.
[00:42] SPEAKER_02: I can do this at like 10 a.m. if you have that.
[00:46] SPEAKER_00: I have you down then Friday, October 31st, 10 a.m.
[00:51] SPEAKER_01: Perfect.
[00:51] SPEAKER_00: Thank you so much.
[00:52] SPEAKER_00: You're welcome.
[00:53] SPEAKER_02: Have a good day.
[00:54] SPEAKER_02: You too.
[00:54] SPEAKER_00: Bye.
[00:54] SPEAKER_00: Bye-bye.
[00:55] SPEAKER_00: Bye-bye.
[00:55] SPEAKER_00: Bye-bye.
[00:56] SPEAKER_00: Bye-bye.","The main purpose of the call was to reschedule an existing appointment. During the conversation, Marlene Gonzalez adjusted her October appointment from 10 a.m. to 12 p.m. on October 31st, and the new time was confirmed for that day. The outcome was a successful rescheduling with no other changes needed.",Whitney,0.77,FALSE,neutral,positive,neutral,0.75,"The call was neutral overall, with the patient expressing satisfaction about their appointment rescheduling. The staff maintained a positive and professional tone throughout the conversation, ensuring clear communication and addressing the patient's needs efficiently.",neutral,0.8,low,professional,1,SATISFACTION,good,unknown,None,appointment_cancel,
D:\Upwork\Dental-AI-System\backend\audio_files\(224)801-7932_general.mp3,09/25/2025,09:20:49,"[00:00] SPEAKER_01: Lincolnwood Family Dental. This is Whitney. How can I help you?
[00:03] SPEAKER_03: Hi there. My name is Marlene Gonzalez. I have an appointment scheduled
[00:07] SPEAKER_02: in October that I just need to adjust a little bit.
[00:11] SPEAKER_02: All right. Give me one second.
[00:23] SPEAKER_03: All right. Yes, you're scheduled 1028 at 10 a.m.
[00:27] SPEAKER_01: And did you want to change the day or time?
[00:30] SPEAKER_01: The date. Do you have anything for October 31st?
[00:36] SPEAKER_00: Yes, I can do the entire day basically with the exception
[00:39] SPEAKER_01: of 10 o'clock. I mean 12 o'clock. Oh, okay. I can do
[00:43] SPEAKER_02: this at like 10 a.m. if you have that. I have you down
[00:47] SPEAKER_01: then Friday, October 31st, 10 a.m. Perfect.
[00:51] SPEAKER_02: Thank you so much. You're welcome. Have a good day. You too. Bye.","The main purpose of the call was to reschedule an existing October appointment. During the conversation, Whitney from Lincolnwood Family Dental confirmed that Marlene Gonzalez could change her appointment to October 31st at 10 a.m., and the new appointment was successfully scheduled for that time.",Whitney,0.9,FALSE,neutral,positive,neutral,0.6,"The call was generally neutral with a positive staff response. The patient expressed satisfaction with the appointment rescheduling and did not mention any pain, anxiety, or insurance issues. The staff maintained a professional tone throughout, successfully addressing the patient's needs without any emotional escalation.",neutral,0.7,low,professional,0.95,SATISFACTION,good,unknown,None,general_inquiry,
D:\Upwork\Dental-AI-System\backend\audio_files\(232)801-7932_general.mp3,09/25/2025,09:25:09,"[00:00] SPEAKER_01: Lincolnwood Family Dental.
[00:00] SPEAKER_01: This is Whitney.
[00:01] SPEAKER_01: How can I help you?
[00:03] SPEAKER_01: Yeah, hi.
[00:03] SPEAKER_00: My name is Sima, and I'm calling from Remland Services.
[00:07] SPEAKER_00: Our client has an appointment tomorrow for tooth extraction.
[00:11] SPEAKER_00: His name is Guy Grisham.
[00:14] SPEAKER_02: Okay.
[00:15] SPEAKER_02: So just wanted to confirm that appointment.
[00:18] SPEAKER_00: Is that yes?
[00:19] SPEAKER_00: 1130.
[00:21] SPEAKER_00: Yeah, okay.
[00:21] SPEAKER_00: Sounds good.
[00:22] SPEAKER_00: Thank you.
[00:22] SPEAKER_00: Thank you.
[00:23] SPEAKER_00: Bye-bye.
[00:24] SPEAKER_00: Mm-hmm.","The main purpose of the call was to confirm an appointment for tooth extraction with Guy Grisham, scheduled for tomorrow at 11:30 AM. Whitney from Lincolnwood Family Dental confirmed the appointment details with Sima from Remland Services, ensuring that all parties are on the same page regarding the upcoming procedure.",Whitney,0.71,FALSE,neutral,professional,neutral,0.7,"The call was neutral overall, with the patient confirming an appointment and expressing no particular emotions. The staff maintained a professional tone throughout the conversation.",neutral,0.8,low,professional,1,None,good,unknown,None,appointment_confirm,
D:\Upwork\Dental-AI-System\backend\audio_files\(224)801-7932_general.mp3,12/25/2025,09:09:10,"[00:00] SPEAKER_02: This is Whitney.
[00:01] SPEAKER_02: How can I help you?
[00:03] SPEAKER_01: Hi there.
[00:04] SPEAKER_00: My name is Marlene Gonzalez.
[00:05] SPEAKER_00: I have an appointment scheduled in October that I just need to adjust a little bit.
[00:11] SPEAKER_00: All right.
[00:12] SPEAKER_02: Give me one second.
[00:23] SPEAKER_01: All right.
[00:24] SPEAKER_02: Yes, you're scheduled 1028 at 10 a.m.
[00:27] SPEAKER_02: Did you want to change the day or time?
[00:29] SPEAKER_02: I'm going to change the time.
[00:30] SPEAKER_00: Okay.
[00:31] SPEAKER_00: The date, do you have anything for October 31st?
[00:36] SPEAKER_01: Yes.
[00:36] SPEAKER_02: I can do the entire day basically with the exception of 10 o'clock.
[00:40] SPEAKER_02: I mean 12 o'clock.
[00:42] SPEAKER_02: Oh, okay.
[00:42] SPEAKER_00: I can do this at like 10 a.m. if you have that.
[00:46] SPEAKER_02: I have you down then Friday, October 31st, 10 a.m.
[00:51] SPEAKER_01: Perfect.
[00:51] SPEAKER_00: Thank you so much.
[00:52] SPEAKER_00: You're welcome.
[00:53] SPEAKER_02: Have a good day.
[00:54] SPEAKER_02: You too.
[00:54] SPEAKER_00: Bye.
[00:54] SPEAKER_00: Bye-bye.
[00:55] SPEAKER_00: Bye-bye.
[00:55] SPEAKER_00: Bye-bye.
[00:56] SPEAKER_00: Bye-bye.","The main purpose of the call was to reschedule an existing appointment. During the conversation, Marlene Gonzalez adjusted her October appointment from 10 a.m. to 12 p.m. on October 31st, and the new time was confirmed for that day. The outcome was a successful rescheduling with no other changes needed.",Whitney,0.84,FALSE,positive,professional,positive,0.85,"The call was positive with the patient expressing satisfaction and gratitude for the assistance in rescheduling their appointment. The staff maintained a professional tone throughout, successfully accommodating the patient's request without any issues related to pain, anxiety, or insurance concerns.",joy,0.9,low,professional,1,SATISFACTION,good,unknown,None,appointment_cancel,